iterationNumber,iterationDuration(s),cellsPerSecond
1,0.0046295,2.26499e+08
2,0.0037602,2.78862e+08
3,0.0036935,2.83898e+08
4,0.0036215,2.89542e+08
5,0.0036243,2.89318e+08
6,0.0034074,3.07735e+08
7,0.0035989,2.9136e+08
8,0.0034394,3.04872e+08
9,0.0034589,3.03153e+08
10,0.0036153,2.90038e+08
11,0.0035902,2.92066e+08
12,0.0037967,2.76181e+08
13,0.0035641,2.94205e+08
14,0.0035957,2.91619e+08
15,0.0031634,3.31471e+08
16,0.0033099,3.168e+08
