iterationNumber,iterationDuration(s),cellsPerSecond
1,1.11076,6.04169e+07
2,1.19817,5.60096e+07
3,1.19986,5.59304e+07
4,1.18004,5.687e+07
5,1.17506,5.71108e+07
6,1.16317,5.76948e+07
7,1.17891,5.69244e+07
8,1.16516,5.75963e+07
9,1.14776,5.84693e+07
10,1.1351,5.91217e+07
11,1.13818,5.89616e+07
12,1.12129,5.98495e+07
13,1.12204,5.98098e+07
14,1.10929,6.04973e+07
15,1.1044,6.07648e+07
16,1.09843,6.10951e+07
