iterationNumber,iterationDuration(s),cellsPerSecond
1,0.0001212,6.75908e+07
2,0.000132,6.20606e+07
3,0.0001341,6.10887e+07
4,0.0001258,6.51192e+07
5,0.0001294,6.33076e+07
6,0.0001236,6.62783e+07
7,0.0001204,6.80399e+07
8,0.0001265,6.47589e+07
9,0.0001191,6.87825e+07
10,0.000124,6.60645e+07
11,0.0001271,6.44532e+07
12,0.0001172,6.98976e+07
13,0.0001245,6.57992e+07
14,0.0001161,7.05599e+07
15,0.0001222,6.70376e+07
16,0.0001201,6.82098e+07
