iterationNumber,iterationDuration(s),cellsPerSecond
1,0.141975,5.90852e+07
2,0.150928,5.55801e+07
3,0.150559,5.57164e+07
4,0.148592,5.64539e+07
5,0.149732,5.60242e+07
6,0.147607,5.68308e+07
7,0.146319,5.73309e+07
8,0.146267,5.73513e+07
9,0.145471,5.76652e+07
10,0.143265,5.85532e+07
11,0.143025,5.86514e+07
12,0.142551,5.88463e+07
13,0.142643,5.88083e+07
14,0.139425,6.01658e+07
15,0.138357,6.06301e+07
16,0.138594,6.05264e+07
