iterationNumber,iterationDuration(s),cellsPerSecond
1,17.6925,6.06892e+07
2,19.1501,5.60697e+07
3,19.0006,5.65111e+07
4,18.7636,5.72246e+07
5,18.738,5.7303e+07
6,18.5464,5.78949e+07
7,18.4581,5.81719e+07
8,18.3213,5.86061e+07
9,18.2348,5.88841e+07
10,18.1161,5.927e+07
11,18.0137,5.96068e+07
12,17.9229,5.99091e+07
13,17.8342,6.02069e+07
14,17.7443,6.0512e+07
15,17.7383,6.05325e+07
16,17.5958,6.10227e+07
