iterationNumber,iterationDuration(s),cellsPerSecond
1,0.0051793,2.02455e+08
2,0.0040092,2.61542e+08
3,0.0040858,2.56639e+08
4,0.0039612,2.64712e+08
5,0.0039162,2.67753e+08
6,0.0036124,2.90271e+08
7,0.003911,2.68109e+08
8,0.0041928,2.5009e+08
9,0.0039854,2.63104e+08
10,0.0038159,2.74791e+08
11,0.0039054,2.68494e+08
12,0.0038867,2.69786e+08
13,0.0038647,2.71321e+08
14,0.0036262,2.89167e+08
15,0.0038418,2.72939e+08
16,0.0034166,3.06906e+08
