iterationNumber,iterationDuration(s),cellsPerSecond
1,0.0254649,3.29418e+08
2,0.0246888,3.39774e+08
3,0.0244345,3.4331e+08
4,0.0243702,3.44216e+08
5,0.0260805,3.21643e+08
6,0.023516,3.56719e+08
7,0.0234288,3.58047e+08
8,0.0239795,3.49824e+08
9,0.0236328,3.54956e+08
10,0.0235669,3.55949e+08
11,0.0230384,3.64114e+08
12,0.0239163,3.50749e+08
13,0.0245018,3.42367e+08
14,0.0234359,3.57938e+08
15,0.0232058,3.61488e+08
16,0.0233538,3.59197e+08
