iterationNumber,iterationDuration(s),cellsPerSecond
1,0.0014927,5.48804e+06
2,0.0008375,9.78149e+06
3,0.0007708,1.06279e+07
4,0.0006927,1.18262e+07
5,0.0006634,1.23485e+07
6,0.0006655,1.23095e+07
7,0.000714,1.14734e+07
8,0.0006718,1.21941e+07
9,0.0006374,1.28522e+07
10,0.0006574,1.24612e+07
11,0.0006372,1.28562e+07
12,0.0006337,1.29273e+07
13,0.0006371,1.28583e+07
14,0.0006126,1.33725e+07
15,0.0006587,1.24366e+07
16,0.0006144,1.33333e+07
