iterationNumber,iterationDuration(s),cellsPerSecond
1,2.94446,3.64665e+08
2,3.06229,3.50633e+08
3,3.05309,3.51691e+08
4,3.04411,3.52727e+08
5,3.06488,3.50338e+08
6,3.02107,3.55417e+08
7,3.0268,3.54745e+08
8,3.02394,3.5508e+08
9,2.99927,3.58001e+08
10,3.01378,3.56278e+08
11,2.96693,3.61903e+08
12,2.98082,3.60217e+08
13,2.94546,3.64541e+08
14,2.95101,3.63855e+08
15,2.93642,3.65663e+08
16,2.97605,3.60794e+08
