iterationNumber,iterationDuration(s),cellsPerSecond
1,17.6962,6.06765e+07
2,18.9734,5.65921e+07
3,19.0062,5.64944e+07
4,18.7714,5.72009e+07
5,18.7309,5.73245e+07
6,18.3565,5.84938e+07
7,18.2043,5.89828e+07
8,18.0943,5.93415e+07
9,17.962,5.97787e+07
10,17.8579,6.0127e+07
11,17.7628,6.04489e+07
12,17.6751,6.07489e+07
13,17.6117,6.09676e+07
14,17.5656,6.11275e+07
15,17.418,6.16454e+07
16,17.3726,6.18068e+07
