iterationNumber,iterationDuration(s),cellsPerSecond
1,1.13813,5.8964e+07
2,1.22149,5.49401e+07
3,1.22569,5.47518e+07
4,1.20898,5.55086e+07
5,1.20505,5.56897e+07
6,1.1915,5.63231e+07
7,1.19072,5.63599e+07
8,1.19001,5.63934e+07
9,1.17587,5.70718e+07
10,1.16711,5.75001e+07
11,1.15994,5.78553e+07
12,1.1581,5.79474e+07
13,1.14857,5.8428e+07
14,1.13812,5.89645e+07
15,1.13388,5.91853e+07
16,1.12927,5.94268e+07
