iterationNumber,iterationDuration(s),cellsPerSecond
1,0.0054563,1.92177e+08
2,0.0042098,2.4908e+08
3,0.0042156,2.48737e+08
4,0.0040755,2.57288e+08
5,0.0038944,2.69252e+08
6,0.003777,2.77621e+08
7,0.0038808,2.70196e+08
8,0.004898,2.14082e+08
9,0.0038445,2.72747e+08
10,0.0039382,2.66258e+08
11,0.0040509,2.5885e+08
12,0.0040702,2.57623e+08
13,0.003802,2.75796e+08
14,0.0039326,2.66637e+08
15,0.0040824,2.56853e+08
16,0.0047118,2.22543e+08
