iterationNumber,iterationDuration(s),cellsPerSecond
1,0.0241861,3.46836e+08
2,0.0237765,3.52811e+08
3,0.0227153,3.69293e+08
4,0.0230519,3.63901e+08
5,0.022545,3.72083e+08
6,0.0228048,3.67844e+08
7,0.0226598,3.70198e+08
8,0.0221336,3.78999e+08
9,0.0263604,3.18228e+08
10,0.0309281,2.71229e+08
11,0.0230428,3.64045e+08
12,0.022775,3.68325e+08
13,0.0217684,3.85357e+08
14,0.0209314,4.00767e+08
15,0.022773,3.68358e+08
16,0.0211924,3.95831e+08
