iterationNumber,iterationDuration(s),cellsPerSecond
1,0.0147445,7.11164e+07
2,0.0160283,6.54203e+07
3,0.0160206,6.54517e+07
4,0.0156946,6.68113e+07
5,0.0159571,6.57122e+07
6,0.0155849,6.72815e+07
7,0.0154193,6.80041e+07
8,0.0153635,6.82511e+07
9,0.0152338,6.88322e+07
10,0.0152275,6.88607e+07
11,0.0185133,5.66391e+07
12,0.0154238,6.79843e+07
13,0.0161008,6.51257e+07
14,0.0151263,6.93214e+07
15,0.0150503,6.96714e+07
16,0.0150695,6.95827e+07
