iterationNumber,iterationDuration(s),cellsPerSecond
1,18.3523,5.85072e+07
2,19.6467,5.46525e+07
3,19.7609,5.43366e+07
4,19.8408,5.41178e+07
5,19.6358,5.46828e+07
6,19.2427,5.58e+07
7,19.14,5.60993e+07
8,19.1882,5.59584e+07
9,18.9066,5.6792e+07
10,18.7004,5.74182e+07
11,18.562,5.78463e+07
12,18.4811,5.80994e+07
13,18.3663,5.84626e+07
14,18.267,5.87806e+07
15,18.2905,5.87048e+07
16,18.4374,5.82372e+07
