iterationNumber,iterationDuration(s),cellsPerSecond
1,0.119096,7.0436e+07
2,0.128412,6.53259e+07
3,0.130868,6.40996e+07
4,0.128037,6.55168e+07
5,0.126739,6.61882e+07
6,0.124871,6.71785e+07
7,0.12537,6.69106e+07
8,0.12313,6.8128e+07
9,0.122121,6.86911e+07
10,0.120752,6.94696e+07
11,0.122259,6.86134e+07
12,0.118362,7.08727e+07
13,0.117347,7.14852e+07
14,0.116751,7.18507e+07
15,0.116463,7.20283e+07
16,0.116654,7.19099e+07
