iterationNumber,iterationDuration(s),cellsPerSecond
1,0.0001444,5.67313e+07
2,0.0001466,5.58799e+07
3,0.0001613,5.07874e+07
4,0.0001472,5.56522e+07
5,0.0001524,5.37533e+07
6,0.0001438,5.6968e+07
7,0.0001481,5.5314e+07
8,0.0001417,5.78123e+07
9,0.0001538,5.3264e+07
10,0.0001403,5.83892e+07
11,0.0001467,5.58419e+07
12,0.0001429,5.73268e+07
13,0.0001517,5.40013e+07
14,0.0001368,5.9883e+07
15,0.0001522,5.38239e+07
16,0.0001353,6.05469e+07
