iterationNumber,iterationDuration(s),cellsPerSecond
1,0.140141,5.98585e+07
2,0.150855,5.56072e+07
3,0.150811,5.56234e+07
4,0.148524,5.64797e+07
5,0.146922,5.70958e+07
6,0.145675,5.75843e+07
7,0.146548,5.72416e+07
8,0.143817,5.83282e+07
9,0.143565,5.84307e+07
10,0.142779,5.87525e+07
11,0.139795,6.00064e+07
12,0.138025,6.07761e+07
13,0.137376,6.10633e+07
14,0.136648,6.13883e+07
15,0.137164,6.11574e+07
16,0.136791,6.13241e+07
