iterationNumber,iterationDuration(s),cellsPerSecond
1,0.0045659,5.74134e+07
2,0.0051289,5.11112e+07
3,0.0049147,5.33388e+07
4,0.0048634,5.39014e+07
5,0.0049798,5.26415e+07
6,0.0048104,5.44953e+07
7,0.0047597,5.50757e+07
8,0.0047439,5.52592e+07
9,0.004846,5.40949e+07
10,0.0046887,5.59097e+07
11,0.0046762,5.60592e+07
12,0.0048001,5.46122e+07
13,0.0046411,5.64832e+07
14,0.0045859,5.7163e+07
15,0.0045902,5.71095e+07
16,0.0045636,5.74424e+07
