iterationNumber,iterationDuration(s),cellsPerSecond
1,0.186329,3.60164e+08
2,0.194216,3.45537e+08
3,0.194108,3.45729e+08
4,0.193535,3.46753e+08
5,0.199748,3.35967e+08
6,0.190659,3.51984e+08
7,0.189543,3.54056e+08
8,0.194339,3.45318e+08
9,0.190146,3.52933e+08
10,0.189643,3.5387e+08
11,0.188894,3.55272e+08
12,0.188968,3.55133e+08
13,0.18849,3.56034e+08
14,0.187348,3.58204e+08
15,0.184453,3.63826e+08
16,0.185543,3.6169e+08
