iterationNumber,iterationDuration(s),cellsPerSecond
1,0.0246056,3.40923e+08
2,0.0247452,3.38999e+08
3,0.0241182,3.47812e+08
4,0.0238631,3.51531e+08
5,0.0236717,3.54373e+08
6,0.0237384,3.53377e+08
7,0.0233334,3.59511e+08
8,0.0232568,3.60695e+08
9,0.0232083,3.61449e+08
10,0.0232283,3.61137e+08
11,0.0230357,3.64157e+08
12,0.0241407,3.47488e+08
13,0.0253628,3.30745e+08
14,0.0233304,3.59557e+08
15,0.0233866,3.58693e+08
16,0.0228814,3.66613e+08
