iterationNumber,iterationDuration(s),cellsPerSecond
1,0.14496,5.78684e+07
2,0.154602,5.42595e+07
3,0.157792,5.31625e+07
4,0.15475,5.42076e+07
5,0.152674,5.49446e+07
6,0.150283,5.58187e+07
7,0.150242,5.5834e+07
8,0.148387,5.6532e+07
9,0.147306,5.6947e+07
10,0.14983,5.59877e+07
11,0.147231,5.69759e+07
12,0.143536,5.84425e+07
13,0.143217,5.85725e+07
14,0.142404,5.8907e+07
15,0.141582,5.92489e+07
16,0.141235,5.93948e+07
