iterationNumber,iterationDuration(s),cellsPerSecond
1,0.141341,5.93503e+07
2,0.150871,5.56011e+07
3,0.150393,5.57778e+07
4,0.149321,5.61784e+07
5,0.149643,5.60573e+07
6,0.147358,5.69269e+07
7,0.146059,5.74332e+07
8,0.145966,5.74696e+07
9,0.146033,5.74434e+07
10,0.144523,5.80433e+07
11,0.143024,5.86515e+07
12,0.143641,5.83999e+07
13,0.13992,5.99527e+07
14,0.138701,6.04796e+07
15,0.138468,6.05817e+07
16,0.138295,6.06574e+07
