iterationNumber,iterationDuration(s),cellsPerSecond
1,0.0017353,4.7208e+06
2,0.0007604,1.07733e+07
3,0.000764,1.07225e+07
4,0.0007146,1.14638e+07
5,0.0006709,1.22105e+07
6,0.0006464,1.26733e+07
7,0.0006641,1.23355e+07
8,0.0006655,1.23095e+07
9,0.0006353,1.28947e+07
10,0.0006294,1.30156e+07
11,0.0006661,1.22985e+07
12,0.0006542,1.25222e+07
13,0.0006534,1.25375e+07
14,0.0006368,1.28643e+07
15,0.0006387,1.28261e+07
16,0.0006596,1.24196e+07
