iterationNumber,iterationDuration(s),cellsPerSecond
1,0.0045427,2.30827e+08
2,0.0037882,2.76801e+08
3,0.003814,2.74928e+08
4,0.0037004,2.83368e+08
5,0.0037275,2.81308e+08
6,0.0040553,2.58569e+08
7,0.0041063,2.55358e+08
8,0.0038157,2.74806e+08
9,0.0040071,2.6168e+08
10,0.0038297,2.73801e+08
11,0.0036426,2.87865e+08
12,0.0039648,2.64471e+08
13,0.0038097,2.75238e+08
14,0.0036287,2.88967e+08
15,0.0037206,2.8183e+08
16,0.0036903,2.84144e+08
