iterationNumber,iterationDuration(s),cellsPerSecond
1,0.0257015,3.26386e+08
2,0.0268043,3.12958e+08
3,0.0250832,3.34431e+08
4,0.0249346,3.36424e+08
5,0.025128,3.33835e+08
6,0.0245571,3.41596e+08
7,0.0242878,3.45384e+08
8,0.0249283,3.36509e+08
9,0.0244831,3.42629e+08
10,0.0246228,3.40685e+08
11,0.0240287,3.49108e+08
12,0.0238066,3.52365e+08
13,0.0243097,3.45072e+08
14,0.0237738,3.52851e+08
15,0.0243959,3.43853e+08
16,0.0239534,3.50205e+08
