iterationNumber,iterationDuration(s),cellsPerSecond
1,0.0178716,5.86728e+07
2,0.0191175,5.4849e+07
3,0.0190868,5.49372e+07
4,0.018833,5.56776e+07
5,0.0188563,5.56088e+07
6,0.0186402,5.62535e+07
7,0.0185059,5.66617e+07
8,0.0181865,5.76568e+07
9,0.018003,5.82445e+07
10,0.017966,5.83645e+07
11,0.0179446,5.84341e+07
12,0.0176888,5.92791e+07
13,0.0177443,5.90937e+07
14,0.0177002,5.92409e+07
15,0.017522,5.98434e+07
16,0.0173545,6.0421e+07
