iterationNumber,iterationDuration(s),cellsPerSecond
1,0.0038155,6.8705e+07
2,0.0040866,6.41472e+07
3,0.0040906,6.40845e+07
4,0.0040276,6.50869e+07
5,0.0040003,6.55311e+07
6,0.0039541,6.62968e+07
7,0.0039235,6.68138e+07
8,0.0039298,6.67067e+07
9,0.0038779,6.75995e+07
10,0.0038546,6.80081e+07
11,0.0038369,6.83218e+07
12,0.0038199,6.86259e+07
13,0.0037954,6.90689e+07
14,0.0037666,6.9597e+07
15,0.0037479,6.99442e+07
16,0.003802,6.8949e+07
