iterationNumber,iterationDuration(s),cellsPerSecond
1,0.0184331,5.68855e+07
2,0.0197831,5.30036e+07
3,0.0197498,5.3093e+07
4,0.0214364,4.89157e+07
5,0.0205943,5.09158e+07
6,0.0190778,5.49632e+07
7,0.0194853,5.38137e+07
8,0.019344,5.42068e+07
9,0.019109,5.48734e+07
10,0.0189497,5.53347e+07
11,0.0187786,5.58389e+07
12,0.0185821,5.64294e+07
13,0.0184716,5.67669e+07
14,0.0180416,5.81199e+07
15,0.0180115,5.8217e+07
16,0.0178349,5.87935e+07
