iterationNumber,iterationDuration(s),cellsPerSecond
1,0.0001175,6.97191e+07
2,0.0001258,6.51192e+07
3,0.0001259,6.50675e+07
4,0.0001263,6.48614e+07
5,0.0001234,6.63857e+07
6,0.0001228,6.67101e+07
7,0.0001202,6.81531e+07
8,0.0001208,6.78146e+07
9,0.0001194,6.86097e+07
10,0.000119,6.88403e+07
11,0.0001283,6.38504e+07
12,0.0001177,6.96007e+07
13,0.000118,6.94237e+07
14,0.0001291,6.34547e+07
15,0.000116,7.06207e+07
16,0.000126,6.50159e+07
