iterationNumber,iterationDuration(s),cellsPerSecond
1,0.0050582,2.07302e+08
2,0.0039591,2.64852e+08
3,0.0039895,2.62834e+08
4,0.0038123,2.75051e+08
5,0.0041973,2.49822e+08
6,0.0039029,2.68666e+08
7,0.0040289,2.60264e+08
8,0.003854,2.72075e+08
9,0.0038045,2.75615e+08
10,0.0039148,2.67849e+08
11,0.0038143,2.74907e+08
12,0.0039831,2.63256e+08
13,0.0037505,2.79583e+08
14,0.0038539,2.72082e+08
15,0.0037057,2.82963e+08
16,0.0034977,2.9979e+08
