iterationNumber,iterationDuration(s),cellsPerSecond
1,17.7195,6.05967e+07
2,18.9784,5.6577e+07
3,18.9984,5.65174e+07
4,18.8117,5.70783e+07
5,18.7732,5.71956e+07
6,18.5469,5.78933e+07
7,18.4517,5.81922e+07
8,18.3223,5.86029e+07
9,18.2382,5.88732e+07
10,18.1238,5.92449e+07
11,18.0159,5.95996e+07
12,17.8926,6.00104e+07
13,17.651,6.08316e+07
14,17.5992,6.10108e+07
15,17.6757,6.07469e+07
16,17.5898,6.10436e+07
