iterationNumber,iterationDuration(s),cellsPerSecond
1,0.0001377,5.94916e+07
2,0.000153,5.35425e+07
3,0.000147,5.57279e+07
4,0.000167,4.90539e+07
5,0.0001437,5.70077e+07
6,0.0001505,5.44319e+07
7,0.0001409,5.81405e+07
8,0.0001475,5.5539e+07
9,0.0001406,5.82646e+07
10,0.0001466,5.58799e+07
11,0.0001393,5.88083e+07
12,0.0001456,5.62637e+07
13,0.0001543,5.30914e+07
14,0.0001435,5.70871e+07
15,0.0001366,5.99707e+07
16,0.0001414,5.79349e+07
