iterationNumber,iterationDuration(s),cellsPerSecond
1,0.951565,7.05247e+07
2,1.02839,6.52561e+07
3,1.02896,6.522e+07
4,1.01482,6.61291e+07
5,1.01177,6.63283e+07
6,1.02703,6.53429e+07
7,0.996241,6.73621e+07
8,0.988355,6.78995e+07
9,0.982068,6.83342e+07
10,0.974424,6.88703e+07
11,0.968201,6.93129e+07
12,0.962595,6.97166e+07
13,0.962266,6.97405e+07
14,0.951091,7.05598e+07
15,0.948437,7.07573e+07
16,0.943167,7.11527e+07
