iterationNumber,iterationDuration(s),cellsPerSecond
1,15.4004,6.97217e+07
2,16.5672,6.48112e+07
3,16.7083,6.42639e+07
4,16.3938,6.54969e+07
5,16.4905,6.51129e+07
6,16.7655,6.40448e+07
7,15.9634,6.72625e+07
8,15.8942,6.75557e+07
9,15.801,6.79542e+07
10,15.5202,6.91834e+07
11,15.3867,6.97836e+07
12,15.4859,6.93366e+07
13,15.4874,6.93302e+07
14,15.2327,7.04894e+07
15,15.2714,7.03106e+07
16,15.34,6.9996e+07
