iterationNumber,iterationDuration(s),cellsPerSecond
1,0.0180431,5.81151e+07
2,0.0192105,5.45835e+07
3,0.0190859,5.49398e+07
4,0.0188181,5.57217e+07
5,0.0188016,5.57706e+07
6,0.0187497,5.59249e+07
7,0.0185733,5.64561e+07
8,0.0183917,5.70135e+07
9,0.0182982,5.73049e+07
10,0.0181822,5.76705e+07
11,0.0181808,5.76749e+07
12,0.0180392,5.81276e+07
13,0.0177926,5.89333e+07
14,0.0175137,5.98718e+07
15,0.0174157,6.02087e+07
16,0.0172589,6.07557e+07
