iterationNumber,iterationDuration(s),cellsPerSecond
1,1.10417,6.07778e+07
2,1.18275,5.67398e+07
3,1.18595,5.65866e+07
4,1.17,5.7358e+07
5,1.17221,5.72499e+07
6,1.15657,5.80241e+07
7,1.1527,5.82189e+07
8,1.14213,5.87577e+07
9,1.13653,5.90472e+07
10,1.13131,5.93194e+07
11,1.1275,5.952e+07
12,1.11765,6.00446e+07
13,1.11233,6.0332e+07
14,1.10918,6.05031e+07
15,1.10253,6.08683e+07
16,1.10129,6.09365e+07
