iterationNumber,iterationDuration(s),cellsPerSecond
1,3.43807,3.1231e+08
2,3.10078,3.46281e+08
3,3.05496,3.51475e+08
4,2.81117,3.81956e+08
5,2.82697,3.79821e+08
6,2.74563,3.91073e+08
7,2.71945,3.94837e+08
8,2.75388,3.89901e+08
9,2.73391,3.92749e+08
10,2.91499,3.68352e+08
11,2.77504,3.86929e+08
12,2.84848,3.76952e+08
13,3.05926,3.50981e+08
14,2.80866,3.82297e+08
15,2.71739,3.95137e+08
16,2.6611,4.03496e+08
