iterationNumber,iterationDuration(s),cellsPerSecond
1,0.18734,3.58219e+08
2,0.206441,3.25076e+08
3,0.189192,3.54713e+08
4,0.189834,3.53513e+08
5,0.205341,3.26817e+08
6,0.194514,3.45007e+08
7,0.20025,3.35126e+08
8,0.194811,3.44482e+08
9,0.192045,3.49444e+08
10,0.187253,3.58386e+08
11,0.19221,3.49144e+08
12,0.182467,3.67787e+08
13,0.180735,3.71312e+08
14,0.194124,3.457e+08
15,0.196446,3.41615e+08
16,0.209357,3.20547e+08
