iterationNumber,iterationDuration(s),cellsPerSecond
1,0.0050195,2.089e+08
2,0.0044821,2.33947e+08
3,0.0042854,2.44686e+08
4,0.0044906,2.33505e+08
5,0.0042068,2.49257e+08
6,0.0040458,2.59176e+08
7,0.004249,2.46782e+08
8,0.0040204,2.60814e+08
9,0.0042443,2.47055e+08
10,0.0045612,2.2989e+08
11,0.0046679,2.24635e+08
12,0.0035737,2.93415e+08
13,0.0042168,2.48666e+08
14,0.0034565,3.03364e+08
15,0.0034837,3.00995e+08
16,0.0037696,2.78166e+08
