iterationNumber,iterationDuration(s),cellsPerSecond
1,18.4887,5.80755e+07
2,19.7757,5.4296e+07
3,19.8562,5.40758e+07
4,19.6728,5.45801e+07
5,19.6288,5.47024e+07
6,19.4808,5.51181e+07
7,19.3403,5.55185e+07
8,19.1332,5.61192e+07
9,19.089,5.62491e+07
10,18.9339,5.67099e+07
11,18.7581,5.72415e+07
12,18.6145,5.76831e+07
13,18.6382,5.76098e+07
14,18.6198,5.76668e+07
15,18.4763,5.81145e+07
16,18.4399,5.82294e+07
