iterationNumber,iterationDuration(s),cellsPerSecond
1,1.1407,5.88315e+07
2,1.22203,5.49161e+07
3,1.22166,5.49324e+07
4,1.20772,5.55667e+07
5,1.20723,5.55893e+07
6,1.20037,5.59066e+07
7,1.19441,5.61857e+07
8,1.18024,5.68603e+07
9,1.17562,5.70838e+07
10,1.16878,5.74178e+07
11,1.18445,5.66581e+07
12,1.1563,5.80378e+07
13,1.14971,5.83701e+07
14,1.14402,5.86606e+07
15,1.13887,5.89258e+07
16,1.13151,5.93089e+07
