iterationNumber,iterationDuration(s),cellsPerSecond
1,0.191964,3.4959e+08
2,0.196478,3.41559e+08
3,0.189609,3.53933e+08
4,0.190249,3.52743e+08
5,0.189231,3.5464e+08
6,0.193227,3.47306e+08
7,0.1906,3.52092e+08
8,0.193262,3.47243e+08
9,0.187012,3.58847e+08
10,0.189488,3.54159e+08
11,0.186993,3.58885e+08
12,0.188429,3.5615e+08
13,0.192816,3.48047e+08
14,0.183022,3.6667e+08
15,0.183825,3.6507e+08
16,0.180692,3.71399e+08
