iterationNumber,iterationDuration(s),cellsPerSecond
1,0.119333,7.02957e+07
2,0.130518,6.42715e+07
3,0.131072,6.4e+07
4,0.127613,6.57348e+07
5,0.128949,6.50535e+07
6,0.126333,6.64008e+07
7,0.123572,6.78846e+07
8,0.121847,6.88453e+07
9,0.122274,6.86052e+07
10,0.121978,6.87713e+07
11,0.12067,6.95168e+07
12,0.118267,7.09292e+07
13,0.118854,7.05791e+07
14,0.118186,7.09777e+07
15,0.11971,7.00746e+07
16,0.119028,7.04756e+07
