iterationNumber,iterationDuration(s),cellsPerSecond
1,2.96996,3.61535e+08
2,3.05245,3.51764e+08
3,3.05477,3.51497e+08
4,3.04117,3.53068e+08
5,3.06212,3.50653e+08
6,3.05124,3.51904e+08
7,3.07896,3.48736e+08
8,3.01543,3.56083e+08
9,2.99202,3.58868e+08
10,2.99673,3.58304e+08
11,3.04811,3.52265e+08
12,2.96022,3.62723e+08
13,2.96229,3.6247e+08
14,2.94302,3.64843e+08
15,2.94105,3.65088e+08
16,2.93862,3.65389e+08
