iterationNumber,iterationDuration(s),cellsPerSecond
1,0.0017729,4.62068e+06
2,0.000802,1.02145e+07
3,0.0007929,1.03317e+07
4,0.000776,1.05567e+07
5,0.0007797,1.05066e+07
6,0.0008,1.024e+07
7,0.0007213,1.13573e+07
8,0.0007173,1.14206e+07
9,0.0007465,1.09739e+07
10,0.0007353,1.1141e+07
11,0.0007524,1.08878e+07
12,0.0007834,1.0457e+07
13,0.0008026,1.02068e+07
14,0.0008102,1.01111e+07
15,0.0007579,1.08088e+07
16,0.0008235,9.94778e+06
