iterationNumber,iterationDuration(s),cellsPerSecond
1,0.138719,6.04721e+07
2,0.148535,5.64756e+07
3,0.148795,5.63768e+07
4,0.146472,5.72712e+07
5,0.146643,5.72044e+07
6,0.145148,5.77934e+07
7,0.14431,5.81289e+07
8,0.14298,5.86697e+07
9,0.142782,5.87511e+07
10,0.14156,5.92582e+07
11,0.140573,5.96744e+07
12,0.139744,6.00286e+07
13,0.139226,6.02515e+07
14,0.140323,5.97807e+07
15,0.138718,6.04726e+07
16,0.137482,6.1016e+07
