iterationNumber,iterationDuration(s),cellsPerSecond
1,0.0014374,5.69918e+06
2,0.0007066,1.15935e+07
3,0.0006919,1.18399e+07
4,0.0007796,1.0508e+07
5,0.0006712,1.2205e+07
6,0.0007428,1.10285e+07
7,0.0006945,1.17955e+07
8,0.0006523,1.25586e+07
9,0.0006692,1.22415e+07
10,0.0006492,1.26186e+07
11,0.0006458,1.2685e+07
12,0.0006509,1.25857e+07
13,0.000632,1.2962e+07
14,0.0006724,1.21832e+07
15,0.0007865,1.04158e+07
16,0.0007081,1.1569e+07
