iterationNumber,iterationDuration(s),cellsPerSecond
1,0.0252673,3.31995e+08
2,0.025382,3.30494e+08
3,0.0254618,3.29459e+08
4,0.0250089,3.35425e+08
5,0.0254206,3.29993e+08
6,0.0244893,3.42542e+08
7,0.0243197,3.44931e+08
8,0.0255575,3.28225e+08
9,0.0241589,3.47226e+08
10,0.0243536,3.4445e+08
11,0.0247466,3.3898e+08
12,0.0288117,2.91153e+08
13,0.0241817,3.46899e+08
14,0.024547,3.41737e+08
15,0.0229842,3.64973e+08
16,0.0239343,3.50485e+08
