iterationNumber,iterationDuration(s),cellsPerSecond
1,0.0254972,3.29001e+08
2,0.0254627,3.29447e+08
3,0.0251396,3.33681e+08
4,0.0251688,3.33294e+08
5,0.0247874,3.38422e+08
6,0.0244756,3.42733e+08
7,0.0244824,3.42638e+08
8,0.024285,3.45423e+08
9,0.0244965,3.42441e+08
10,0.0240816,3.48341e+08
11,0.0251349,3.33743e+08
12,0.024153,3.47311e+08
13,0.024033,3.49045e+08
14,0.0236685,3.54421e+08
15,0.0242272,3.46248e+08
16,0.0235628,3.56011e+08
