iterationNumber,iterationDuration(s),cellsPerSecond
1,0.0016349,5.0107e+06
2,0.0007793,1.0512e+07
3,0.000662,1.23746e+07
4,0.0006412,1.2776e+07
5,0.0006498,1.2607e+07
6,0.0006273,1.30591e+07
7,0.0006461,1.26792e+07
8,0.0005964,1.37357e+07
9,0.0006482,1.26381e+07
10,0.0006204,1.32044e+07
11,0.0006586,1.24385e+07
12,0.0006169,1.32793e+07
13,0.0006015,1.36193e+07
14,0.0006501,1.26011e+07
15,0.0006371,1.28583e+07
16,0.0006264,1.30779e+07
