iterationNumber,iterationDuration(s),cellsPerSecond
1,0.0027649,9.48114e+07
2,0.0016668,1.57274e+08
3,0.0015066,1.73997e+08
4,0.001602,1.63635e+08
5,0.0014868,1.76314e+08
6,0.0014679,1.78584e+08
7,0.0013181,1.9888e+08
8,0.0014295,1.83382e+08
9,0.0015239,1.72022e+08
10,0.0014267,1.83742e+08
11,0.00143,1.83317e+08
12,0.0014538,1.80316e+08
13,0.0013459,1.94772e+08
14,0.0014081,1.86169e+08
15,0.0012376,2.11816e+08
16,0.0014233,1.8418e+08
