iterationNumber,iterationDuration(s),cellsPerSecond
1,0.96021,6.98898e+07
2,1.03836,6.46294e+07
3,1.03394,6.49062e+07
4,1.01662,6.60115e+07
5,1.01445,6.6153e+07
6,1.00346,6.68772e+07
7,0.997507,6.72766e+07
8,0.988685,6.78769e+07
9,0.981906,6.83455e+07
10,0.978575,6.85781e+07
11,0.968871,6.9265e+07
12,0.965629,6.94976e+07
13,0.959599,6.99343e+07
14,0.95157,7.05244e+07
15,0.95074,7.05859e+07
16,0.946654,7.08906e+07
