iterationNumber,iterationDuration(s),cellsPerSecond
1,0.0164497,6.37444e+07
2,0.0176982,5.92476e+07
3,0.0176885,5.92801e+07
4,0.0178008,5.89061e+07
5,0.0174242,6.01793e+07
6,0.0172605,6.075e+07
7,0.0171558,6.11208e+07
8,0.0169721,6.17823e+07
9,0.0168418,6.22603e+07
10,0.0167136,6.27379e+07
11,0.016679,6.2868e+07
12,0.0164928,6.35778e+07
13,0.0162523,6.45186e+07
14,0.0186758,5.61462e+07
15,0.0161791,6.48105e+07
16,0.0160644,6.52733e+07
