iterationNumber,iterationDuration(s),cellsPerSecond
1,0.0025237,1.03873e+08
2,0.0013776,1.9029e+08
3,0.0013655,1.91977e+08
4,0.001445,1.81415e+08
5,0.0013975,1.87581e+08
6,0.0012,2.18453e+08
7,0.001258,2.08382e+08
8,0.0012352,2.12228e+08
9,0.001398,1.87514e+08
10,0.0013847,1.89315e+08
11,0.0012171,2.15384e+08
12,0.0012236,2.1424e+08
13,0.0011698,2.24093e+08
14,0.001315,1.99349e+08
15,0.0012682,2.06706e+08
16,0.0012945,2.02506e+08
