iterationNumber,iterationDuration(s),cellsPerSecond
1,1.10658,6.06453e+07
2,1.19337,5.6235e+07
3,1.18826,5.64765e+07
4,1.18395,5.66823e+07
5,1.17533,5.70978e+07
6,1.15965,5.78699e+07
7,1.16026,5.78397e+07
8,1.1461,5.85542e+07
9,1.14063,5.88347e+07
10,1.13276,5.92436e+07
11,1.12509,5.96474e+07
12,1.12002,5.99176e+07
13,1.11335,6.02767e+07
14,1.11282,6.03053e+07
15,1.1026,6.0864e+07
16,1.09974,6.10222e+07
