iterationNumber,iterationDuration(s),cellsPerSecond
1,0.0045353,5.78008e+07
2,0.0049405,5.30602e+07
3,0.0048372,5.41933e+07
4,0.0047837,5.47994e+07
5,0.0048561,5.39824e+07
6,0.0047309,5.5411e+07
7,0.0046943,5.5843e+07
8,0.0046704,5.61288e+07
9,0.0047541,5.51406e+07
10,0.0046125,5.68334e+07
11,0.0045853,5.71705e+07
12,0.0045701,5.73607e+07
13,0.0045416,5.77206e+07
14,0.0045141,5.80723e+07
15,0.0044904,5.83788e+07
16,0.0044793,5.85234e+07
