iterationNumber,iterationDuration(s),cellsPerSecond
1,0.0026765,9.79428e+07
2,0.0013747,1.90692e+08
3,0.0013988,1.87406e+08
4,0.0013212,1.98414e+08
5,0.0013963,1.87742e+08
6,0.0013465,1.94685e+08
7,0.0012526,2.0928e+08
8,0.0012185,2.15137e+08
9,0.0012595,2.08133e+08
10,0.0011108,2.35996e+08
11,0.0012783,2.05072e+08
12,0.0013675,1.91696e+08
13,0.0012864,2.03781e+08
14,0.0012629,2.07573e+08
15,0.0014838,1.76671e+08
16,0.0013421,1.95324e+08
