iterationNumber,iterationDuration(s),cellsPerSecond
1,0.0234522,3.5769e+08
2,0.0228621,3.66922e+08
3,0.023332,3.59532e+08
4,0.0227673,3.6845e+08
5,0.0238543,3.5166e+08
6,0.0221018,3.79544e+08
7,0.0218493,3.8393e+08
8,0.0217556,3.85584e+08
9,0.0216928,3.867e+08
10,0.022632,3.70653e+08
11,0.0220758,3.79991e+08
12,0.0221979,3.77901e+08
13,0.021061,3.98301e+08
14,0.021605,3.88272e+08
15,0.0223881,3.7469e+08
16,0.0212237,3.95247e+08
