iterationNumber,iterationDuration(s),cellsPerSecond
1,0.0046053,5.69222e+07
2,0.0049012,5.34857e+07
3,0.0049744,5.26986e+07
4,0.004853,5.40169e+07
5,0.0048481,5.40715e+07
6,0.004762,5.50491e+07
7,0.0047436,5.52627e+07
8,0.0047424,5.52767e+07
9,0.0046867,5.59336e+07
10,0.0046513,5.63593e+07
11,0.004652,5.63508e+07
12,0.0046089,5.68778e+07
13,0.004596,5.70374e+07
14,0.0045451,5.76762e+07
15,0.0045411,5.7727e+07
16,0.0045061,5.81754e+07
