iterationNumber,iterationDuration(s),cellsPerSecond
1,0.0017591,4.65693e+06
2,0.0007757,1.05608e+07
3,0.0007322,1.11882e+07
4,0.0007009,1.16878e+07
5,0.0006648,1.23225e+07
6,0.0006568,1.24726e+07
7,0.0007812,1.04864e+07
8,0.0006741,1.21525e+07
9,0.0006767,1.21058e+07
10,0.0006801,1.20453e+07
11,0.0006938,1.18074e+07
12,0.0007558,1.08388e+07
13,0.0007024,1.16629e+07
14,0.0006733,1.21669e+07
15,0.0006312,1.29785e+07
16,0.0006488,1.26264e+07
