iterationNumber,iterationDuration(s),cellsPerSecond
1,0.004673,2.2439e+08
2,0.0038601,2.71645e+08
3,0.0035953,2.91652e+08
4,0.0040258,2.60464e+08
5,0.0038166,2.74741e+08
6,0.0041688,2.51529e+08
7,0.0047226,2.22034e+08
8,0.0040905,2.56344e+08
9,0.0047171,2.22293e+08
10,0.0041472,2.5284e+08
11,0.003878,2.70391e+08
12,0.0040688,2.57711e+08
13,0.0039804,2.63435e+08
14,0.0038902,2.69543e+08
15,0.0042673,2.45724e+08
16,0.0039868,2.63012e+08
