iterationNumber,iterationDuration(s),cellsPerSecond
1,0.002395,1.09455e+08
2,0.0013907,1.88498e+08
3,0.0013807,1.89863e+08
4,0.0015243,1.71977e+08
5,0.0012752,2.05571e+08
6,0.0013552,1.93436e+08
7,0.0013175,1.98971e+08
8,0.00135,1.94181e+08
9,0.0013548,1.93493e+08
10,0.0012372,2.11885e+08
11,0.0013397,1.95674e+08
12,0.0013085,2.00339e+08
13,0.001188,2.2066e+08
14,0.0011844,2.21331e+08
15,0.0013339,1.96524e+08
16,0.0013308,1.96982e+08
