iterationNumber,iterationDuration(s),cellsPerSecond
1,0.029574,2.83648e+08
2,0.0373837,2.24392e+08
3,0.0361128,2.32289e+08
4,0.028086,2.98676e+08
5,0.0407757,2.05726e+08
6,0.0334073,2.51101e+08
7,0.0254497,3.29615e+08
8,0.0240158,3.49295e+08
9,0.0239081,3.50869e+08
10,0.0234872,3.57157e+08
11,0.0313674,2.67431e+08
12,0.0331576,2.52992e+08
13,0.0239102,3.50838e+08
14,0.0262332,3.19771e+08
15,0.0248648,3.37369e+08
16,0.0232464,3.60856e+08
