iterationNumber,iterationDuration(s),cellsPerSecond
1,0.0001374,5.96215e+07
2,0.0001613,5.07874e+07
3,0.0001472,5.56522e+07
4,0.0001542,5.31258e+07
5,0.0001441,5.68494e+07
6,0.0001503,5.45043e+07
7,0.0001416,5.78531e+07
8,0.0001635,5.0104e+07
9,0.0001411,5.80581e+07
10,0.0001469,5.57658e+07
11,0.0001392,5.88506e+07
12,0.0001438,5.6968e+07
13,0.0001386,5.91053e+07
14,0.0001472,5.56522e+07
15,0.0001368,5.9883e+07
16,0.0001415,5.7894e+07
