iterationNumber,iterationDuration(s),cellsPerSecond
1,2.93515,3.65822e+08
2,3.04907,3.52154e+08
3,3.05214,3.518e+08
4,3.06668,3.50132e+08
5,3.03974,3.53235e+08
6,3.021,3.55426e+08
7,3.013,3.56369e+08
8,3.00314,3.5754e+08
9,2.99276,3.5878e+08
10,2.97471,3.60957e+08
11,3.03462,3.53831e+08
12,3.06303,3.50549e+08
13,2.97474,3.60953e+08
14,2.9569,3.63131e+08
15,2.97964,3.6036e+08
16,2.92942,3.66537e+08
