iterationNumber,iterationDuration(s),cellsPerSecond
1,0.184751,3.6324e+08
2,0.195825,3.42699e+08
3,0.186841,3.59176e+08
4,0.185826,3.61139e+08
5,0.194031,3.45867e+08
6,0.18512,3.62515e+08
7,0.18784,3.57265e+08
8,0.189544,3.54055e+08
9,0.185288,3.62187e+08
10,0.186467,3.59897e+08
11,0.187705,3.57523e+08
12,0.185464,3.61843e+08
13,0.188451,3.56107e+08
14,0.190014,3.53179e+08
15,0.20101,3.33859e+08
16,0.18297,3.66776e+08
