iterationNumber,iterationDuration(s),cellsPerSecond
1,15.6823,6.84684e+07
2,16.4121,6.5424e+07
3,16.6402,6.45269e+07
4,16.3313,6.57474e+07
5,16.3728,6.55808e+07
6,16.309,6.58372e+07
7,16.4512,6.52683e+07
8,15.9999,6.71091e+07
9,16.0187,6.70304e+07
10,15.8527,6.77322e+07
11,15.5808,6.89143e+07
12,15.5436,6.90792e+07
13,15.5652,6.89837e+07
14,15.5288,6.91452e+07
15,15.393,6.97552e+07
16,15.1522,7.08636e+07
