iterationNumber,iterationDuration(s),cellsPerSecond
1,0.005055,5.18584e+07
2,0.0048476,5.40771e+07
3,0.0048393,5.41698e+07
4,0.0047404,5.53e+07
5,0.0046963,5.58193e+07
6,0.0046579,5.62794e+07
7,0.0047115,5.56392e+07
8,0.0045969,5.70263e+07
9,0.0045671,5.73983e+07
10,0.0045374,5.77741e+07
11,0.0045538,5.7566e+07
12,0.0044927,5.83489e+07
13,0.0044807,5.85051e+07
14,0.0044446,5.89803e+07
15,0.004465,5.87109e+07
16,0.0044044,5.95187e+07
