iterationNumber,iterationDuration(s),cellsPerSecond
1,3.61861,2.96728e+08
2,3.38003,3.17672e+08
3,3.35901,3.1966e+08
4,3.24701,3.30686e+08
5,3.1263,3.43454e+08
6,3.41811,3.14133e+08
7,3.12499,3.43599e+08
8,3.18056,3.37595e+08
9,3.08827,3.47683e+08
10,2.99872,3.58067e+08
11,3.11008,3.45246e+08
12,3.15598,3.40225e+08
13,3.03471,3.5382e+08
14,3.04869,3.52197e+08
15,3.07805,3.48839e+08
16,2.98442,3.59782e+08
