iterationNumber,iterationDuration(s),cellsPerSecond
1,0.0001391,5.88929e+07
2,0.0001473,5.56144e+07
3,0.0001549,5.28857e+07
4,0.0001468,5.58038e+07
5,0.0001501,5.45769e+07
6,0.0001503,5.45043e+07
7,0.0001486,5.51279e+07
8,0.0001422,5.7609e+07
9,0.0001471,5.569e+07
10,0.0001393,5.88083e+07
11,0.0001452,5.64187e+07
12,0.0001381,5.93193e+07
13,0.0001443,5.67706e+07
14,0.0001366,5.99707e+07
15,0.0001372,5.97085e+07
16,0.000141,5.80993e+07
