iterationNumber,iterationDuration(s),cellsPerSecond
1,0.0024416,1.07366e+08
2,0.0015087,1.73755e+08
3,0.0014514,1.80615e+08
4,0.0014036,1.86765e+08
5,0.0012685,2.06657e+08
6,0.0014426,1.81716e+08
7,0.0014119,1.85668e+08
8,0.0013119,1.9982e+08
9,0.0013592,1.92866e+08
10,0.0013083,2.0037e+08
11,0.0013017,2.01386e+08
12,0.0012791,2.04944e+08
13,0.0012991,2.01789e+08
14,0.0012788,2.04992e+08
15,0.0013441,1.95033e+08
16,0.0012573,2.08498e+08
