iterationNumber,iterationDuration(s),cellsPerSecond
1,2.94068,3.65134e+08
2,2.75508,3.89732e+08
3,2.77653,3.86721e+08
4,2.87029,3.74088e+08
5,2.77503,3.86929e+08
6,2.80402,3.8293e+08
7,2.73978,3.91907e+08
8,2.81079,3.82008e+08
9,2.72229,3.94425e+08
10,2.67604,4.01243e+08
11,2.65597,4.04275e+08
12,2.64568,4.05847e+08
13,2.70014,3.97661e+08
14,2.7186,3.94962e+08
15,2.914,3.68477e+08
16,2.96744,3.61841e+08
