iterationNumber,iterationDuration(s),cellsPerSecond
1,0.185539,3.61697e+08
2,0.193656,3.46537e+08
3,0.18781,3.57322e+08
4,0.197028,3.40605e+08
5,0.192496,3.48625e+08
6,0.191928,3.49657e+08
7,0.19289,3.47912e+08
8,0.188844,3.55366e+08
9,0.186494,3.59845e+08
10,0.187119,3.58643e+08
11,0.184673,3.63394e+08
12,0.188695,3.55648e+08
13,0.188544,3.55931e+08
14,0.181012,3.70743e+08
15,0.182647,3.67424e+08
16,0.188886,3.55288e+08
