iterationNumber,iterationDuration(s),cellsPerSecond
1,0.147091,5.70302e+07
2,0.154713,5.42205e+07
3,0.154417,5.43246e+07
4,0.151877,5.52327e+07
5,0.150921,5.55828e+07
6,0.151665,5.53103e+07
7,0.151161,5.54944e+07
8,0.150688,5.56689e+07
9,0.146706,5.71798e+07
10,0.146479,5.72683e+07
11,0.145291,5.77366e+07
12,0.144222,5.81646e+07
13,0.143577,5.84259e+07
14,0.14381,5.83313e+07
15,0.14503,5.78404e+07
16,0.142212,5.89868e+07
