iterationNumber,iterationDuration(s),cellsPerSecond
1,0.0055197,1.8997e+08
2,0.004353,2.40886e+08
3,0.0042856,2.44674e+08
4,0.004066,2.57889e+08
5,0.004048,2.59036e+08
6,0.0038932,2.69335e+08
7,0.0036958,2.83721e+08
8,0.0038565,2.71898e+08
9,0.0037284,2.8124e+08
10,0.0037517,2.79494e+08
11,0.003486,3.00796e+08
12,0.0036287,2.88967e+08
13,0.0037429,2.80151e+08
14,0.0036245,2.89302e+08
15,0.0036393,2.88126e+08
16,0.0035817,2.92759e+08
