iterationNumber,iterationDuration(s),cellsPerSecond
1,0.0180067,5.82325e+07
2,0.019285,5.43726e+07
3,0.0191579,5.47333e+07
4,0.0188584,5.56026e+07
5,0.018794,5.57931e+07
6,0.0186272,5.62927e+07
7,0.0185163,5.66299e+07
8,0.018383,5.70405e+07
9,0.0183557,5.71254e+07
10,0.0181363,5.78164e+07
11,0.0180919,5.79583e+07
12,0.0182194,5.75527e+07
13,0.0178714,5.86734e+07
14,0.0178573,5.87197e+07
15,0.0177532,5.90641e+07
16,0.0176528,5.94e+07
