iterationNumber,iterationDuration(s),cellsPerSecond
1,0.0046029,5.69519e+07
2,0.0048894,5.36148e+07
3,0.0049012,5.34857e+07
4,0.0048214,5.43709e+07
5,0.004798,5.46361e+07
6,0.0047625,5.50434e+07
7,0.0047252,5.54779e+07
8,0.0046969,5.58121e+07
9,0.0046932,5.58561e+07
10,0.0046503,5.63714e+07
11,0.0046309,5.66076e+07
12,0.0046083,5.68852e+07
13,0.0045834,5.71942e+07
14,0.0045547,5.75546e+07
15,0.0048668,5.38637e+07
16,0.0045486,5.76318e+07
