iterationNumber,iterationDuration(s),cellsPerSecond
1,0.183765,3.65189e+08
2,0.191102,3.51167e+08
3,0.187746,3.57445e+08
4,0.18804,3.56886e+08
5,0.18719,3.58508e+08
6,0.191673,3.50122e+08
7,0.184211,3.64304e+08
8,0.205143,3.27133e+08
9,0.191561,3.50326e+08
10,0.185151,3.62455e+08
11,0.186259,3.60299e+08
12,0.191213,3.50964e+08
13,0.186135,3.60538e+08
14,0.181107,3.70548e+08
15,0.187121,3.58639e+08
16,0.188035,3.56895e+08
