iterationNumber,iterationDuration(s),cellsPerSecond
1,0.0023291,1.12552e+08
2,0.0014954,1.753e+08
3,0.0015336,1.70934e+08
4,0.0015141,1.73135e+08
5,0.0013119,1.9982e+08
6,0.0014514,1.80615e+08
7,0.0014652,1.78913e+08
8,0.0014084,1.86129e+08
9,0.0014153,1.85222e+08
10,0.0014938,1.75488e+08
11,0.0014056,1.865e+08
12,0.0014308,1.83215e+08
13,0.0014741,1.77833e+08
14,0.0013853,1.89233e+08
15,0.0013945,1.87984e+08
16,0.0013248,1.97874e+08
