iterationNumber,iterationDuration(s),cellsPerSecond
1,0.0023923,1.09578e+08
2,0.0016291,1.60913e+08
3,0.0014633,1.79146e+08
4,0.0015877,1.65109e+08
5,0.0015541,1.68679e+08
6,0.0016326,1.60568e+08
7,0.0015097,1.7364e+08
8,0.0014556,1.80093e+08
9,0.0014131,1.8551e+08
10,0.0014403,1.82007e+08
11,0.001467,1.78694e+08
12,0.0016711,1.56869e+08
13,0.0014358,1.82577e+08
14,0.0017047,1.53777e+08
15,0.0014469,1.81176e+08
16,0.0015129,1.73273e+08
