iterationNumber,iterationDuration(s),cellsPerSecond
1,0.185369,3.62029e+08
2,0.194754,3.44583e+08
3,0.194125,3.45699e+08
4,0.191981,3.49561e+08
5,0.199789,3.35899e+08
6,0.190558,3.52171e+08
7,0.213285,3.14644e+08
8,0.189675,3.5381e+08
9,0.190668,3.51967e+08
10,0.19904,3.37163e+08
11,0.185645,3.6149e+08
12,0.185138,3.6248e+08
13,0.185619,3.61541e+08
14,0.182852,3.67012e+08
15,0.187599,3.57724e+08
16,0.188689,3.55658e+08
