iterationNumber,iterationDuration(s),cellsPerSecond
1,0.0001377,5.94916e+07
2,0.0001551,5.28175e+07
3,0.0001548,5.29199e+07
4,0.0001473,5.56144e+07
5,0.0001506,5.43958e+07
6,0.0001444,5.67313e+07
7,0.0001477,5.54638e+07
8,0.0001422,5.7609e+07
9,0.0001477,5.54638e+07
10,0.0001398,5.8598e+07
11,0.000147,5.57279e+07
12,0.0001381,5.93193e+07
13,0.0001449,5.65355e+07
14,0.0001415,5.7894e+07
15,0.0001427,5.74071e+07
16,0.000136,6.02353e+07
