iterationNumber,iterationDuration(s),cellsPerSecond
1,0.0184088,5.69606e+07
2,0.0197998,5.29589e+07
3,0.0197444,5.31075e+07
4,0.019463,5.38754e+07
5,0.0193929,5.40701e+07
6,0.0192641,5.44316e+07
7,0.019153,5.47474e+07
8,0.0190032,5.51789e+07
9,0.0189352,5.53771e+07
10,0.0187655,5.58779e+07
11,0.0187909,5.58023e+07
12,0.018581,5.64327e+07
13,0.0184382,5.68698e+07
14,0.0183542,5.713e+07
15,0.0182603,5.74238e+07
16,0.018209,5.75856e+07
