iterationNumber,iterationDuration(s),cellsPerSecond
1,0.0017052,4.80413e+06
2,0.000752,1.08936e+07
3,0.0008375,9.78149e+06
4,0.0006577,1.24555e+07
5,0.0006221,1.31683e+07
6,0.0007189,1.13952e+07
7,0.0006977,1.17414e+07
8,0.0007094,1.15478e+07
9,0.0007061,1.16018e+07
10,0.000727,1.12682e+07
11,0.000705,1.16199e+07
12,0.0007544,1.0859e+07
13,0.000733,1.1176e+07
14,0.0007546,1.08561e+07
15,0.0006791,1.2063e+07
16,0.0006755,1.21273e+07
