iterationNumber,iterationDuration(s),cellsPerSecond
1,2.99903,3.58029e+08
2,3.05532,3.51433e+08
3,3.08771,3.47746e+08
4,3.0489,3.52173e+08
5,3.06156,3.50717e+08
6,3.10227,3.46114e+08
7,3.07243,3.49476e+08
8,3.02014,3.55528e+08
9,3.00835,3.5692e+08
10,2.97398,3.61046e+08
11,2.99266,3.58792e+08
12,2.98109,3.60184e+08
13,3.03183,3.54157e+08
14,2.96776,3.61802e+08
15,2.9427,3.64884e+08
16,2.97658,3.6073e+08
