iterationNumber,iterationDuration(s),cellsPerSecond
1,0.0038208,6.86097e+07
2,0.0040909,6.40798e+07
3,0.0040686,6.4431e+07
4,0.0040112,6.5353e+07
5,0.0039956,6.56082e+07
6,0.003988,6.57332e+07
7,0.0039272,6.67509e+07
8,0.0039176,6.69144e+07
9,0.0038823,6.75229e+07
10,0.003883,6.75107e+07
11,0.0038786,6.75873e+07
12,0.0038298,6.84485e+07
13,0.0037929,6.91144e+07
14,0.0037824,6.93063e+07
15,0.003742,7.00545e+07
16,0.0037636,6.96525e+07
