iterationNumber,iterationDuration(s),cellsPerSecond
1,3.18443,3.37185e+08
2,3.28037,3.27323e+08
3,3.38084,3.17596e+08
4,3.13005,3.43043e+08
5,3.13694,3.42289e+08
6,3.22419,3.33026e+08
7,3.12108,3.44029e+08
8,3.17663,3.38013e+08
9,3.20956,3.34545e+08
10,3.23346,3.32072e+08
11,3.11129,3.45111e+08
12,3.17746,3.37924e+08
13,3.14217,3.4172e+08
14,3.05997,3.50899e+08
15,3.29554,3.25816e+08
16,3.20919,3.34583e+08
