iterationNumber,iterationDuration(s),cellsPerSecond
1,17.7486,6.04973e+07
2,19.0631,5.63258e+07
3,19.0929,5.62377e+07
4,18.7973,5.71222e+07
5,18.8062,5.70952e+07
6,18.5637,5.78408e+07
7,18.5347,5.79315e+07
8,18.3516,5.85093e+07
9,18.2529,5.88258e+07
10,18.1464,5.91712e+07
11,18.0387,5.95244e+07
12,17.9557,5.97994e+07
13,17.8583,6.01256e+07
14,17.7624,6.04504e+07
15,17.7046,6.06476e+07
16,17.6177,6.09469e+07
