iterationNumber,iterationDuration(s),cellsPerSecond
1,0.0184015,5.69832e+07
2,0.0196804,5.32802e+07
3,0.0196552,5.33485e+07
4,0.0195133,5.37365e+07
5,0.0193019,5.4325e+07
6,0.0191442,5.47725e+07
7,0.0188868,5.5519e+07
8,0.020619,5.08548e+07
9,0.0185626,5.64886e+07
10,0.0184281,5.69009e+07
11,0.0183114,5.72636e+07
12,0.0182593,5.7427e+07
13,0.0182845,5.73478e+07
14,0.0180474,5.81012e+07
15,0.0181305,5.78349e+07
16,0.0177698,5.90089e+07
