iterationNumber,iterationDuration(s),cellsPerSecond
1,0.210044,3.19498e+08
2,0.199336,3.36663e+08
3,0.202371,3.31612e+08
4,0.217312,3.08814e+08
5,0.201498,3.33049e+08
6,0.194431,3.45155e+08
7,0.220456,3.0441e+08
8,0.19036,3.52537e+08
9,0.205081,3.27231e+08
10,0.215003,3.1213e+08
11,0.196952,3.40736e+08
12,0.200306,3.35032e+08
13,0.201078,3.33746e+08
14,0.187571,3.57779e+08
15,0.181732,3.69274e+08
16,0.196687,3.41196e+08
