iterationNumber,iterationDuration(s),cellsPerSecond
1,0.0027736,9.4514e+07
2,0.0020573,1.27421e+08
3,0.0015062,1.74043e+08
4,0.0015701,1.6696e+08
5,0.001582,1.65704e+08
6,0.0013605,1.92682e+08
7,0.0013727,1.9097e+08
8,0.0014187,1.84778e+08
9,0.0012699,2.06429e+08
10,0.0013647,1.92089e+08
11,0.0013364,1.96157e+08
12,0.0012901,2.03197e+08
13,0.0012915,2.02976e+08
14,0.0013728,1.90956e+08
15,0.0013778,1.90263e+08
16,0.0013618,1.92498e+08
