iterationNumber,iterationDuration(s),cellsPerSecond
1,0.0001384,5.91908e+07
2,0.0001585,5.16845e+07
3,0.0001479,5.53888e+07
4,0.0001532,5.34726e+07
5,0.0001449,5.65355e+07
6,0.0001493,5.48694e+07
7,0.0001418,5.77715e+07
8,0.000149,5.49799e+07
9,0.0001413,5.79759e+07
10,0.0001462,5.60328e+07
11,0.0001395,5.8724e+07
12,0.0001442,5.681e+07
13,0.0001389,5.89777e+07
14,0.0001463,5.59945e+07
15,0.0001377,5.94916e+07
16,0.0001416,5.78531e+07
