iterationNumber,iterationDuration(s),cellsPerSecond
1,0.0017932,4.56837e+06
2,0.0009439,8.67889e+06
3,0.0006582,1.24461e+07
4,0.0007534,1.08734e+07
5,0.0006693,1.22397e+07
6,0.0006792,1.20612e+07
7,0.0007229,1.13321e+07
8,0.0006923,1.1833e+07
9,0.0006678,1.22671e+07
10,0.0007684,1.06611e+07
11,0.0006867,1.19295e+07
12,0.0007212,1.13588e+07
13,0.0007126,1.14959e+07
14,0.0006506,1.25915e+07
15,0.0006621,1.23728e+07
16,0.0006959,1.17718e+07
