iterationNumber,iterationDuration(s),cellsPerSecond
1,0.0046123,5.68359e+07
2,0.0048989,5.35108e+07
3,0.00491,5.33898e+07
4,0.0048429,5.41296e+07
5,0.0048037,5.45713e+07
6,0.0047766,5.48809e+07
7,0.0047891,5.47376e+07
8,0.0047265,5.54626e+07
9,0.0047089,5.56699e+07
10,0.0046462,5.64212e+07
11,0.0046407,5.6488e+07
12,0.0046214,5.67239e+07
13,0.00457,5.73619e+07
14,0.0045846,5.71793e+07
15,0.004525,5.79324e+07
16,0.00451,5.81251e+07
