iterationNumber,iterationDuration(s),cellsPerSecond
1,1.10606,6.06738e+07
2,1.18562,5.66025e+07
3,1.18988,5.63997e+07
4,1.17235,5.72428e+07
5,1.16887,5.74133e+07
6,1.15802,5.79513e+07
7,1.1512,5.82948e+07
8,1.14666,5.85256e+07
9,1.13774,5.89844e+07
10,1.13047,5.93638e+07
11,1.12406,5.97022e+07
12,1.12103,5.98637e+07
13,1.11232,6.03324e+07
14,1.10813,6.05602e+07
15,1.10352,6.08134e+07
16,1.09795,6.11219e+07
