iterationNumber,iterationDuration(s),cellsPerSecond
1,0.0377972,2.8408e+10
2,0.0375201,2.86178e+10
3,0.0377769,2.84232e+10
4,0.0328574,3.26788e+10
5,0.0293753,3.65525e+10
6,0.0293986,3.65236e+10
7,0.029459,3.64487e+10
8,0.0294504,3.64593e+10
9,0.0294484,3.64618e+10
10,0.0294463,3.64644e+10
11,0.0294569,3.64513e+10
12,0.0294451,3.64659e+10
13,0.0294287,3.64862e+10
14,0.0294324,3.64816e+10
15,0.0294397,3.64726e+10
16,0.0294512,3.64583e+10
