iterationNumber,iterationDuration(s),cellsPerSecond
1,0.0003939,6.65509e+08
2,0.0002154,1.21701e+09
3,4.56e-05,5.74877e+09
4,4.67e-05,5.61336e+09
5,4.36e-05,6.01248e+09
6,4.76e-05,5.50723e+09
7,4.27e-05,6.1392e+09
8,4.11e-05,6.3782e+09
9,4.99e-05,5.25339e+09
10,4.46e-05,5.87767e+09
11,4.65e-05,5.63751e+09
12,4.36e-05,6.01248e+09
13,4.45e-05,5.89088e+09
14,4.7e-05,5.57753e+09
15,5.08e-05,5.16031e+09
16,4.34e-05,6.04018e+09
