iterationNumber,iterationDuration(s),cellsPerSecond
1,0.0002714,3.86358e+09
2,7.08e-05,1.48104e+10
3,6.67e-05,1.57208e+10
4,7.11e-05,1.47479e+10
5,7.45e-05,1.40748e+10
6,6.8e-05,1.54202e+10
7,6.92e-05,1.51528e+10
8,6.84e-05,1.53301e+10
9,7.89e-05,1.32899e+10
10,6.7e-05,1.56504e+10
11,6.38e-05,1.64354e+10
12,6.77e-05,1.54886e+10
13,8.1e-05,1.29454e+10
14,7.22e-05,1.45232e+10
15,6.8e-05,1.54202e+10
16,6.75e-05,1.55345e+10
