iterationNumber,iterationDuration(s),cellsPerSecond
1,0.371577,2.88969e+09
2,0.369644,2.9048e+09
3,0.370431,2.89863e+09
4,0.370565,2.89758e+09
5,0.369655,2.90471e+09
6,0.370572,2.89752e+09
7,0.37016,2.90075e+09
8,0.369325,2.90731e+09
9,0.370225,2.90024e+09
10,0.369094,2.90913e+09
11,0.368906,2.91061e+09
12,0.370362,2.89917e+09
13,0.369036,2.90959e+09
14,0.369309,2.90744e+09
15,0.369505,2.90589e+09
16,0.369181,2.90845e+09
