iterationNumber,iterationDuration(s),cellsPerSecond
1,1.27536,8.41915e+08
2,1.19846,8.95932e+08
3,1.18391,9.06948e+08
4,1.19176,9.00975e+08
5,1.17502,9.13809e+08
6,1.18339,9.07342e+08
7,1.17216,9.16034e+08
8,1.16655,9.2044e+08
9,1.16798,9.19312e+08
10,1.17307,9.15324e+08
11,1.32746,8.08871e+08
12,1.18225,9.08218e+08
13,1.16059,9.25168e+08
14,1.16571,9.21107e+08
15,1.16976,9.17919e+08
16,1.16195,9.24083e+08
