iterationNumber,iterationDuration(s),cellsPerSecond
1,0.0022723,2.95335e+10
2,0.002063,3.25297e+10
3,0.0020545,3.26643e+10
4,0.0020585,3.26009e+10
5,0.0020536,3.26786e+10
6,0.0020517,3.27089e+10
7,0.0020532,3.2685e+10
8,0.0020521,3.27025e+10
9,0.0020602,3.2574e+10
10,0.0020517,3.27089e+10
11,0.0020518,3.27073e+10
12,0.0020533,3.26834e+10
13,0.0020873,3.2151e+10
14,0.0020524,3.26978e+10
15,0.0020536,3.26786e+10
16,0.0020523,3.26993e+10
