iterationNumber,iterationDuration(s),cellsPerSecond
1,0.0003,2.73067e+07
2,4.31e-05,1.9007e+08
3,3.63e-05,2.25675e+08
4,3.64e-05,2.25055e+08
5,3.54e-05,2.31412e+08
6,3.8e-05,2.15579e+08
7,3.56e-05,2.30112e+08
8,3.63e-05,2.25675e+08
9,3.59e-05,2.28189e+08
10,3.6e-05,2.27556e+08
11,3.53e-05,2.32068e+08
12,3.94e-05,2.07919e+08
13,3.73e-05,2.19625e+08
14,3.54e-05,2.31412e+08
15,3.65e-05,2.24438e+08
16,3.6e-05,2.27556e+08
