iterationNumber,iterationDuration(s),cellsPerSecond
1,0.0007212,1.45393e+09
2,0.0003411,3.0741e+09
3,0.0005046,2.07803e+09
4,0.0005187,2.02155e+09
5,0.0004722,2.22062e+09
6,0.0004722,2.22062e+09
7,0.0004654,2.25306e+09
8,0.0004752,2.2066e+09
9,0.0004708,2.22722e+09
10,0.0004565,2.29699e+09
11,0.0004862,2.15668e+09
12,0.0004721,2.22109e+09
13,0.0004834,2.16917e+09
14,0.0004763,2.2015e+09
15,0.0004741,2.21172e+09
16,0.0004776,2.19551e+09
