iterationNumber,iterationDuration(s),cellsPerSecond
1,0.0002466,3.32198e+07
2,3.85e-05,2.12779e+08
3,3.56e-05,2.30112e+08
4,4.33e-05,1.89192e+08
5,3.84e-05,2.13333e+08
6,3.53e-05,2.32068e+08
7,3.93e-05,2.08448e+08
8,3.43e-05,2.38834e+08
9,4.23e-05,1.93664e+08
10,3.36e-05,2.4381e+08
11,3.97e-05,2.06348e+08
12,3.51e-05,2.3339e+08
13,3.87e-05,2.1168e+08
14,3.33e-05,2.46006e+08
15,4e-05,2.048e+08
16,3.37e-05,2.43086e+08
