iterationNumber,iterationDuration(s),cellsPerSecond
1,1.2846,8.35857e+08
2,1.21044,8.87069e+08
3,1.23492,8.69482e+08
4,1.33163,8.06337e+08
5,1.25256,8.57237e+08
6,1.17699,9.12277e+08
7,1.18497,9.06136e+08
8,1.1601,9.25563e+08
9,1.20614,8.90232e+08
10,1.19494,8.98571e+08
11,1.14649,9.36547e+08
12,1.10171,9.74617e+08
13,1.13804,9.43497e+08
14,1.12799,9.51908e+08
15,1.25219,8.57492e+08
16,1.12724,9.52541e+08
