iterationNumber,iterationDuration(s),cellsPerSecond
1,0.0032481,2.52209e+06
2,0.0031603,2.59216e+06
3,0.0043053,1.90277e+06
4,0.0030629,2.67459e+06
5,0.0029971,2.73331e+06
6,0.0030969,2.64523e+06
7,0.0033258,2.46317e+06
8,0.0030644,2.67328e+06
9,0.0030497,2.68617e+06
10,0.0031092,2.63476e+06
11,0.003147,2.60311e+06
12,0.0034682,2.36203e+06
13,0.0034222,2.39378e+06
14,0.0034263,2.39092e+06
15,0.003097,2.64514e+06
16,0.0033886,2.41752e+06
