iterationNumber,iterationDuration(s),cellsPerSecond
1,0.000491,1.70847e+10
2,0.000271,3.09543e+10
3,0.0002674,3.1371e+10
4,0.0002685,3.12425e+10
5,0.0002663,3.15006e+10
6,0.0002655,3.15955e+10
7,0.0002691,3.11728e+10
8,0.0002661,3.15243e+10
9,0.0002652,3.16313e+10
10,0.0002648,3.1679e+10
11,0.0002648,3.1679e+10
12,0.0002675,3.13593e+10
13,0.0002668,3.14416e+10
14,0.0002662,3.15124e+10
15,0.000265,3.16551e+10
16,0.0002677,3.13359e+10
