iterationNumber,iterationDuration(s),cellsPerSecond
1,0.0002649,9.89596e+08
2,4.96e-05,5.28516e+09
3,4.48e-05,5.85143e+09
4,5.09e-05,5.15018e+09
5,4.81e-05,5.44998e+09
6,4.33e-05,6.05413e+09
7,4.94e-05,5.30656e+09
8,4.3e-05,6.09637e+09
9,4.83e-05,5.42741e+09
10,4.31e-05,6.08223e+09
11,4.01e-05,6.53726e+09
12,4.27e-05,6.1392e+09
13,4.85e-05,5.40503e+09
14,4.31e-05,6.08223e+09
15,3.95e-05,6.63656e+09
16,5.02e-05,5.22199e+09
