iterationNumber,iterationDuration(s),cellsPerSecond
1,0.000422,6.21194e+08
2,0.0003244,8.08089e+08
3,0.0001127,2.32603e+09
4,0.0001242,2.11066e+09
5,0.0001112,2.35741e+09
6,0.0001399,1.8738e+09
7,0.00011,2.38313e+09
8,0.0001221,2.14696e+09
9,0.0001202,2.1809e+09
10,0.0001123,2.33432e+09
11,0.0001333,1.96657e+09
12,0.0001108,2.36592e+09
13,0.000134,1.9563e+09
14,0.0001348,1.94469e+09
15,0.0001364,1.92188e+09
16,0.0001434,1.82806e+09
