iterationNumber,iterationDuration(s),cellsPerSecond
1,0.0005722,1.46603e+10
2,0.0003056,2.74496e+10
3,0.0002907,2.88566e+10
4,0.0002928,2.86496e+10
5,0.000305,2.75036e+10
6,0.0003014,2.78321e+10
7,0.0003056,2.74496e+10
8,0.0003038,2.76123e+10
9,0.0002908,2.88467e+10
10,0.0003034,2.76487e+10
11,0.0002969,2.8254e+10
12,0.0003045,2.75488e+10
13,0.0002883,2.90968e+10
14,0.0002927,2.86594e+10
15,0.0003048,2.75217e+10
16,0.0003029,2.76943e+10
