iterationNumber,iterationDuration(s),cellsPerSecond
1,0.0004671,1.79589e+10
2,0.0002617,3.20543e+10
3,0.0002805,2.99059e+10
4,0.0002825,2.96942e+10
5,0.0002696,3.1115e+10
6,0.0002548,3.29223e+10
7,0.0002563,3.27296e+10
8,0.0002741,3.06042e+10
9,0.0002681,3.12891e+10
10,0.000255,3.28965e+10
11,0.0002525,3.32222e+10
12,0.000269,3.11844e+10
13,0.000254,3.3026e+10
14,0.0002539,3.3039e+10
15,0.0002542,3.3e+10
16,0.0002627,3.19323e+10
