iterationNumber,iterationDuration(s),cellsPerSecond
1,0.0033046,2.47897e+06
2,0.0030462,2.68925e+06
3,0.0035922,2.2805e+06
4,0.0036193,2.26342e+06
5,0.0031722,2.58243e+06
6,0.0037657,2.17543e+06
7,0.0033685,2.43194e+06
8,0.0031214,2.62446e+06
9,0.003176,2.57935e+06
10,0.0032912,2.48906e+06
11,0.0037312,2.19554e+06
12,0.003671,2.23154e+06
13,0.0033463,2.44808e+06
14,0.0033737,2.42819e+06
15,0.0031277,2.61918e+06
16,0.0032691,2.50589e+06
