iterationNumber,iterationDuration(s),cellsPerSecond
1,0.197317,3.40107e+08
2,0.2,3.35545e+08
3,0.196781,3.41033e+08
4,0.194924,3.44283e+08
5,0.19928,3.36757e+08
6,0.200074,3.3542e+08
7,0.201422,3.33175e+08
8,0.198753,3.3765e+08
9,0.197631,3.39567e+08
10,0.199649,3.36134e+08
11,0.199056,3.37136e+08
12,0.194732,3.44621e+08
13,0.196693,3.41186e+08
14,0.19996,3.35611e+08
15,0.222336,3.01835e+08
16,0.219819,3.05292e+08
