iterationNumber,iterationDuration(s),cellsPerSecond
1,0.0002334,3.50985e+07
2,4.37e-05,1.8746e+08
3,3.9e-05,2.10051e+08
4,3.73e-05,2.19625e+08
5,4e-05,2.048e+08
6,3.73e-05,2.19625e+08
7,4.76e-05,1.72101e+08
8,4.56e-05,1.79649e+08
9,3.88e-05,2.11134e+08
10,3.79e-05,2.16148e+08
11,3.74e-05,2.19037e+08
12,3.8e-05,2.15579e+08
13,3.76e-05,2.17872e+08
14,3.88e-05,2.11134e+08
15,3.77e-05,2.17294e+08
16,3.81e-05,2.15013e+08
