iterationNumber,iterationDuration(s),cellsPerSecond
1,0.0003172,8.26431e+08
2,0.0001167,2.24631e+09
3,0.0001104,2.37449e+09
4,0.000123,2.13125e+09
5,0.0001442,1.81792e+09
6,0.0001276,2.05442e+09
7,0.0001084,2.4183e+09
8,0.0001335,1.96363e+09
9,0.0001334,1.9651e+09
10,0.0001347,1.94613e+09
11,0.0001367,1.91766e+09
12,0.0001295,2.02428e+09
13,0.000144,1.82044e+09
14,0.0001117,2.34686e+09
15,0.0001329,1.97249e+09
16,0.0001316,1.99198e+09
