iterationNumber,iterationDuration(s),cellsPerSecond
1,0.0242132,2.77158e+09
2,0.0239185,2.80573e+09
3,0.0240285,2.79289e+09
4,0.0239682,2.79991e+09
5,0.0236336,2.83955e+09
6,0.0236238,2.84073e+09
7,0.0236149,2.8418e+09
8,0.0236654,2.83574e+09
9,0.02361,2.84239e+09
10,0.0236582,2.8366e+09
11,0.0235919,2.84457e+09
12,0.0236085,2.84257e+09
13,0.0236933,2.8324e+09
14,0.0237066,2.83081e+09
15,0.0236181,2.84142e+09
16,0.0236368,2.83917e+09
