iterationNumber,iterationDuration(s),cellsPerSecond
1,0.0024979,2.68661e+10
2,0.0022855,2.93629e+10
3,0.002285,2.93693e+10
4,0.002281,2.94208e+10
5,0.0022787,2.94505e+10
6,0.0022767,2.94764e+10
7,0.0022772,2.94699e+10
8,0.0022886,2.93231e+10
9,0.002279,2.94466e+10
10,0.0022755,2.94919e+10
11,0.002278,2.94596e+10
12,0.0022781,2.94583e+10
13,0.0022776,2.94647e+10
14,0.0022787,2.94505e+10
15,0.0022756,2.94906e+10
16,0.0022766,2.94777e+10
