iterationNumber,iterationDuration(s),cellsPerSecond
1,0.0489451,1.71388e+08
2,0.0476612,1.76005e+08
3,0.0471547,1.77895e+08
4,0.04774,1.75714e+08
5,0.0484746,1.73052e+08
6,0.0481386,1.74259e+08
7,0.0495101,1.69432e+08
8,0.0483792,1.73393e+08
9,0.0486672,1.72367e+08
10,0.048383,1.73379e+08
11,0.0476167,1.76169e+08
12,0.047034,1.78352e+08
13,0.0481897,1.74075e+08
14,0.0498156,1.68393e+08
15,0.0480313,1.74649e+08
16,0.0475039,1.76588e+08
