iterationNumber,iterationDuration(s),cellsPerSecond
1,0.0499031,1.68098e+08
2,0.0481789,1.74114e+08
3,0.0473198,1.77275e+08
4,0.0478086,1.75462e+08
5,0.0486446,1.72447e+08
6,0.0474751,1.76695e+08
7,0.0473732,1.77075e+08
8,0.0477103,1.75824e+08
9,0.0489565,1.71348e+08
10,0.0495494,1.69298e+08
11,0.0504895,1.66146e+08
12,0.051055,1.64305e+08
13,0.0496977,1.68793e+08
14,0.0492865,1.70201e+08
15,0.0481373,1.74264e+08
16,0.047591,1.76265e+08
