iterationNumber,iterationDuration(s),cellsPerSecond
1,0.0410778,2.61392e+10
2,0.0408562,2.6281e+10
3,0.0402687,2.66644e+10
4,0.0306741,3.50048e+10
5,0.03023,3.55191e+10
6,0.0302186,3.55325e+10
7,0.0302039,3.55498e+10
8,0.0302039,3.55498e+10
9,0.0302658,3.54771e+10
10,0.0302717,3.54702e+10
11,0.0302623,3.54812e+10
12,0.0302168,3.55346e+10
13,0.0302073,3.55458e+10
14,0.0302628,3.54806e+10
15,0.0302213,3.55293e+10
16,0.0310138,3.46214e+10
