iterationNumber,iterationDuration(s),cellsPerSecond
1,0.0006568,1.27719e+10
2,0.0003528,2.37772e+10
3,0.0003521,2.38245e+10
4,0.0003307,2.53662e+10
5,0.0003367,2.49142e+10
6,0.0003518,2.38448e+10
7,0.0003284,2.55439e+10
8,0.0003521,2.38245e+10
9,0.0003309,2.53509e+10
10,0.0003364,2.49364e+10
11,0.0003647,2.30014e+10
12,0.000351,2.38992e+10
13,0.0003411,2.45928e+10
14,0.0003306,2.53739e+10
15,0.0003437,2.44068e+10
16,0.0003221,2.60435e+10
