iterationNumber,iterationDuration(s),cellsPerSecond
1,0.0028179,2.38152e+10
2,0.0026641,2.51901e+10
3,0.0021583,3.10934e+10
4,0.0021543,3.11511e+10
5,0.0021538,3.11584e+10
6,0.0021497,3.12178e+10
7,0.0021473,3.12527e+10
8,0.0021507,3.12033e+10
9,0.0021487,3.12323e+10
10,0.0021574,3.11064e+10
11,0.0021468,3.126e+10
12,0.0021511,3.11975e+10
13,0.0021546,3.11468e+10
14,0.0021483,3.12381e+10
15,0.0021492,3.1225e+10
16,0.0021472,3.12541e+10
