iterationNumber,iterationDuration(s),cellsPerSecond
1,0.0007383,1.42026e+09
2,0.0003369,3.11243e+09
3,0.000498,2.10557e+09
4,0.0005064,2.07065e+09
5,0.0004663,2.24872e+09
6,0.0004535,2.31219e+09
7,0.0004578,2.29047e+09
8,0.0004629,2.26523e+09
9,0.0004578,2.29047e+09
10,0.0004601,2.27902e+09
11,0.0004783,2.1923e+09
12,0.0004668,2.24631e+09
13,0.0004546,2.30659e+09
14,0.0004627,2.26621e+09
15,0.0004559,2.30001e+09
16,0.0004564,2.29749e+09
