iterationNumber,iterationDuration(s),cellsPerSecond
1,0.0236509,4.43356e+07
2,0.025705,4.07927e+07
3,0.0242202,4.32934e+07
4,0.0238336,4.39957e+07
5,0.0239568,4.37695e+07
6,0.0238263,4.40092e+07
7,0.0242305,4.3275e+07
8,0.0238046,4.40493e+07
9,0.0237154,4.4215e+07
10,0.0245581,4.26978e+07
11,0.0243031,4.31458e+07
12,0.0241914,4.3345e+07
13,0.024025,4.36452e+07
14,0.0242551,4.32312e+07
15,0.0241297,4.34558e+07
16,0.0240518,4.35966e+07
