iterationNumber,iterationDuration(s),cellsPerSecond
1,0.0002896,3.62077e+09
2,6.78e-05,1.54657e+10
3,6.28e-05,1.66971e+10
4,6.43e-05,1.63076e+10
5,6.52e-05,1.60825e+10
6,6.38e-05,1.64354e+10
7,6.63e-05,1.58156e+10
8,6.34e-05,1.65391e+10
9,6.52e-05,1.60825e+10
10,6.26e-05,1.67504e+10
11,6.79e-05,1.54429e+10
12,8.51e-05,1.23217e+10
13,6.28e-05,1.66971e+10
14,6.15e-05,1.705e+10
15,6.28e-05,1.66971e+10
16,6.21e-05,1.68853e+10
