iterationNumber,iterationDuration(s),cellsPerSecond
1,0.0034391,2.43919e+09
2,0.0032011,2.62054e+09
3,0.0032653,2.56902e+09
4,0.0032812,2.55657e+09
5,0.0032385,2.59028e+09
6,0.003361,2.49587e+09
7,0.0032767,2.56008e+09
8,0.0035628,2.3545e+09
9,0.0034833,2.40824e+09
10,0.003273,2.56297e+09
11,0.0032398,2.58924e+09
12,0.0034445,2.43536e+09
13,0.0033847,2.47839e+09
14,0.0032071,2.61564e+09
15,0.0032019,2.61988e+09
16,0.0032291,2.59782e+09
