iterationNumber,iterationDuration(s),cellsPerSecond
1,0.0024438,2.74609e+10
2,0.0022051,3.04335e+10
3,0.0021944,3.05819e+10
4,0.0021923,3.06112e+10
5,0.0021982,3.0529e+10
6,0.0021957,3.05638e+10
7,0.0021908,3.06321e+10
8,0.0022017,3.04805e+10
9,0.0021947,3.05777e+10
10,0.0021939,3.05888e+10
11,0.0021932,3.05986e+10
12,0.0021917,3.06195e+10
13,0.0021937,3.05916e+10
14,0.0021954,3.05679e+10
15,0.0021908,3.06321e+10
16,0.002197,3.05457e+10
