iterationNumber,iterationDuration(s),cellsPerSecond
1,0.065353,1.64299e+10
2,0.0388441,2.76423e+10
3,0.0388419,2.76439e+10
4,0.038804,2.76709e+10
5,0.0388246,2.76562e+10
6,0.0387946,2.76776e+10
7,0.0335614,3.19934e+10
8,0.0332226,3.23196e+10
9,0.0331979,3.23437e+10
10,0.0332217,3.23205e+10
11,0.0333134,3.22315e+10
12,0.0333115,3.22334e+10
13,0.0333539,3.21924e+10
14,0.0333337,3.22119e+10
15,0.0333962,3.21516e+10
16,0.0333558,3.21906e+10
