iterationNumber,iterationDuration(s),cellsPerSecond
1,0.0135405,1.936e+07
2,0.0130171,2.01384e+07
3,0.0122592,2.13835e+07
4,0.012108,2.16505e+07
5,0.0122158,2.14594e+07
6,0.0121579,2.15616e+07
7,0.0121807,2.15213e+07
8,0.0120319,2.17874e+07
9,0.0133099,1.96954e+07
10,0.0121667,2.1546e+07
11,0.0119543,2.19288e+07
12,0.0118954,2.20374e+07
13,0.012119,2.16308e+07
14,0.012439,2.10744e+07
15,0.0120558,2.17442e+07
16,0.0120676,2.1723e+07
