iterationNumber,iterationDuration(s),cellsPerSecond
1,0.377837,2.84181e+09
2,0.377783,2.84222e+09
3,0.383887,2.79703e+09
4,0.384452,2.79292e+09
5,0.379719,2.82773e+09
6,0.376656,2.85073e+09
7,0.378138,2.83955e+09
8,0.38742,2.77152e+09
9,0.383946,2.7966e+09
10,0.380873,2.81916e+09
11,0.37744,2.8448e+09
12,0.377918,2.84121e+09
13,0.378864,2.83411e+09
14,0.376974,2.84832e+09
15,0.379539,2.82907e+09
16,0.378467,2.83708e+09
