iterationNumber,iterationDuration(s),cellsPerSecond
1,0.0004605,2.27704e+09
2,0.0001525,6.87591e+09
3,0.0001416,7.4052e+09
4,0.0001577,6.64918e+09
5,0.0001324,7.91976e+09
6,0.0001282,8.17922e+09
7,0.0001288,8.14112e+09
8,0.0001261,8.31543e+09
9,0.0001325,7.91378e+09
10,0.0001321,7.93774e+09
11,0.0001272,8.24352e+09
12,0.0001597,6.56591e+09
13,0.0001259,8.32864e+09
14,0.0001541,6.80452e+09
15,0.0001263,8.30226e+09
16,0.0001249,8.39532e+09
