iterationNumber,iterationDuration(s),cellsPerSecond
1,0.0002532,3.23539e+07
2,4.3e-05,1.90512e+08
3,4.03e-05,2.03275e+08
4,4.76e-05,1.72101e+08
5,3.82e-05,2.1445e+08
6,3.84e-05,2.13333e+08
7,3.75e-05,2.18453e+08
8,4.4e-05,1.86182e+08
9,3.8e-05,2.15579e+08
10,3.67e-05,2.23215e+08
11,4.04e-05,2.02772e+08
12,3.72e-05,2.20215e+08
13,3.85e-05,2.12779e+08
14,3.77e-05,2.17294e+08
15,3.86e-05,2.12228e+08
16,4.99e-05,1.64168e+08
