iterationNumber,iterationDuration(s),cellsPerSecond
1,0.0002633,9.9561e+08
2,4.94e-05,5.30656e+09
3,4.4e-05,5.95782e+09
4,4.39e-05,5.97139e+09
5,4.39e-05,5.97139e+09
6,4e-05,6.5536e+09
7,4.24e-05,6.18264e+09
8,4.48e-05,5.85143e+09
9,4.41e-05,5.94431e+09
10,5.16e-05,5.08031e+09
11,4.36e-05,6.01248e+09
12,4.33e-05,6.05413e+09
13,4.62e-05,5.67411e+09
14,4.3e-05,6.09637e+09
15,4.52e-05,5.79965e+09
16,4.5e-05,5.82542e+09
