iterationNumber,iterationDuration(s),cellsPerSecond
1,0.0129406,2.02575e+07
2,0.0126105,2.07878e+07
3,0.0132717,1.97521e+07
4,0.0127634,2.05387e+07
5,0.0132608,1.97683e+07
6,0.012536,2.09113e+07
7,0.0122578,2.13859e+07
8,0.0123166,2.12838e+07
9,0.0119629,2.19131e+07
10,0.0122964,2.13188e+07
11,0.0122679,2.13683e+07
12,0.0121137,2.16403e+07
13,0.0123004,2.13118e+07
14,0.0123442,2.12362e+07
15,0.0123278,2.12645e+07
16,0.0122938,2.13233e+07
