iterationNumber,iterationDuration(s),cellsPerSecond
1,0.0235772,2.84635e+09
2,0.0232387,2.88781e+09
3,0.0233211,2.8776e+09
4,0.0233198,2.87776e+09
5,0.0231395,2.90019e+09
6,0.023179,2.89524e+09
7,0.0232261,2.88937e+09
8,0.0233045,2.87965e+09
9,0.0232105,2.89131e+09
10,0.0231855,2.89443e+09
11,0.0231618,2.89739e+09
12,0.0231237,2.90217e+09
13,0.023168,2.89662e+09
14,0.0231602,2.89759e+09
15,0.0231571,2.89798e+09
16,0.0232336,2.88844e+09
