iterationNumber,iterationDuration(s),cellsPerSecond
1,0.0245936,4.26361e+07
2,0.0243305,4.30972e+07
3,0.0242777,4.31909e+07
4,0.0244507,4.28853e+07
5,0.0244368,4.29097e+07
6,0.0242198,4.32942e+07
7,0.024153,4.34139e+07
8,0.0249887,4.1962e+07
9,0.0244461,4.28934e+07
10,0.0242088,4.33138e+07
11,0.0239687,4.37477e+07
12,0.0241535,4.3413e+07
13,0.024065,4.35727e+07
14,0.0242253,4.32843e+07
15,0.0243879,4.29957e+07
16,0.0239568,4.37695e+07
