iterationNumber,iterationDuration(s),cellsPerSecond
1,0.0004049,2.02322e+07
2,4.35e-05,1.88322e+08
3,0.0003483,2.352e+07
4,3.91e-05,2.09514e+08
5,3.68e-05,2.22609e+08
6,3.8e-05,2.15579e+08
7,3.71e-05,2.20809e+08
8,4.76e-05,1.72101e+08
9,3.61e-05,2.26925e+08
10,3.8e-05,2.15579e+08
11,3.56e-05,2.30112e+08
12,4.1e-05,1.99805e+08
13,4.4e-05,1.86182e+08
14,3.74e-05,2.19037e+08
15,3.72e-05,2.20215e+08
16,4.47e-05,1.83266e+08
