iterationNumber,iterationDuration(s),cellsPerSecond
1,0.190323,3.52605e+08
2,0.190077,3.53061e+08
3,0.190012,3.53182e+08
4,0.193478,3.46856e+08
5,0.190491,3.52295e+08
6,0.19245,3.48709e+08
7,0.191568,3.50314e+08
8,0.190555,3.52176e+08
9,0.191109,3.51155e+08
10,0.193716,3.46429e+08
11,0.194515,3.45006e+08
12,0.199239,3.36826e+08
13,0.201755,3.32626e+08
14,0.194963,3.44214e+08
15,0.196479,3.41558e+08
16,0.19765,3.39534e+08
