iterationNumber,iterationDuration(s),cellsPerSecond
1,0.0480194,2.23606e+10
2,0.0477905,2.24677e+10
3,0.0477821,2.24716e+10
4,0.0434636,2.47044e+10
5,0.0317147,3.38563e+10
6,0.0316348,3.39418e+10
7,0.0312603,3.43484e+10
8,0.0312614,3.43472e+10
9,0.0314021,3.41933e+10
10,0.031379,3.42185e+10
11,0.0314264,3.41669e+10
12,0.0314206,3.41732e+10
13,0.031403,3.41923e+10
14,0.0314944,3.40931e+10
15,0.0314027,3.41927e+10
16,0.0314402,3.41519e+10
