iterationNumber,iterationDuration(s),cellsPerSecond
1,0.0002702,9.70185e+08
2,5.17e-05,5.07048e+09
3,4.6e-05,5.69878e+09
4,4.91e-05,5.33898e+09
5,4.57e-05,5.73619e+09
6,4.52e-05,5.79965e+09
7,5.39e-05,4.86353e+09
8,4.4e-05,5.95782e+09
9,5.6e-05,4.68114e+09
10,4.19e-05,6.25642e+09
11,4.53e-05,5.78684e+09
12,4.57e-05,5.73619e+09
13,5.98e-05,4.38368e+09
14,5.3e-05,4.94611e+09
15,4.61e-05,5.68642e+09
16,5.18e-05,5.06069e+09
