iterationNumber,iterationDuration(s),cellsPerSecond
1,0.0002947,3.55811e+09
2,7.7e-05,1.36179e+10
3,7.31e-05,1.43444e+10
4,8.09e-05,1.29614e+10
5,7.32e-05,1.43248e+10
6,7.4e-05,1.41699e+10
7,6.85e-05,1.53077e+10
8,7.19e-05,1.45838e+10
9,7.04e-05,1.48945e+10
10,7.28e-05,1.44035e+10
11,9.05e-05,1.15865e+10
12,7.13e-05,1.47065e+10
13,7.36e-05,1.4247e+10
14,7.21e-05,1.45434e+10
15,7.19e-05,1.45838e+10
16,7.8e-05,1.34433e+10
