iterationNumber,iterationDuration(s),cellsPerSecond
1,0.003307,2.53662e+09
2,0.0027961,3.00011e+09
3,0.0029797,2.81525e+09
4,0.0029752,2.81951e+09
5,0.0030788,2.72464e+09
6,0.0029992,2.79695e+09
7,0.0030788,2.72464e+09
8,0.003046,2.75398e+09
9,0.002969,2.8254e+09
10,0.0029892,2.80631e+09
11,0.0030011,2.79518e+09
12,0.0029783,2.81658e+09
13,0.0029793,2.81563e+09
14,0.0029915,2.80415e+09
15,0.0030129,2.78423e+09
16,0.0030029,2.7935e+09
