iterationNumber,iterationDuration(s),cellsPerSecond
1,0.0006762,3.87672e+08
2,0.0001777,1.47521e+09
3,0.0001699,1.54293e+09
4,0.0001655,1.58395e+09
5,0.0001686,1.55483e+09
6,0.0001713,1.53032e+09
7,0.0001737,1.50918e+09
8,0.0001661,1.57823e+09
9,0.0001772,1.47937e+09
10,0.0001652,1.58683e+09
11,0.0001744,1.50312e+09
12,0.0001739,1.50744e+09
13,0.0001675,1.56504e+09
14,0.0001727,1.51792e+09
15,0.0001668,1.57161e+09
16,0.0001646,1.59261e+09
