iterationNumber,iterationDuration(s),cellsPerSecond
1,0.0007962,3.29244e+08
2,0.0002707,9.68393e+08
3,0.0002516,1.04191e+09
4,0.0002551,1.02761e+09
5,0.0002532,1.03532e+09
6,0.000211,1.24239e+09
7,0.0002031,1.29071e+09
8,0.0002011,1.30355e+09
9,0.0002111,1.2418e+09
10,0.0002186,1.19919e+09
11,0.0002016,1.30032e+09
12,0.0002016,1.30032e+09
13,0.0002069,1.26701e+09
14,0.0002363,1.10937e+09
15,0.0003314,7.9102e+08
16,0.0003593,7.29596e+08
