iterationNumber,iterationDuration(s),cellsPerSecond
1,0.0043836,1.91363e+09
2,0.0031397,2.67179e+09
3,0.0031392,2.67221e+09
4,0.0032104,2.61295e+09
5,0.003188,2.63131e+09
6,0.0031064,2.70043e+09
7,0.0031328,2.67767e+09
8,0.0031363,2.67468e+09
9,0.0031124,2.69522e+09
10,0.0031124,2.69522e+09
11,0.0031163,2.69185e+09
12,0.0031036,2.70286e+09
13,0.003106,2.70078e+09
14,0.0030936,2.7116e+09
15,0.0031655,2.65001e+09
16,0.0031145,2.6934e+09
