iterationNumber,iterationDuration(s),cellsPerSecond
1,0.0271707,2.4699e+09
2,0.0228938,2.93131e+09
3,0.022877,2.93346e+09
4,0.0228824,2.93277e+09
5,0.0228846,2.93249e+09
6,0.0228199,2.9408e+09
7,0.0229128,2.92888e+09
8,0.0228587,2.93581e+09
9,0.0227418,2.9509e+09
10,0.0227329,2.95206e+09
11,0.0227733,2.94682e+09
12,0.0228293,2.93959e+09
13,0.022669,2.96038e+09
14,0.022762,2.94829e+09
15,0.0227249,2.9531e+09
16,0.0228263,2.93998e+09
