iterationNumber,iterationDuration(s),cellsPerSecond
1,0.0274057,2.44872e+09
2,0.0233819,2.87012e+09
3,0.0220976,3.03693e+09
4,0.0220474,3.04384e+09
5,0.0216104,3.1054e+09
6,0.0216645,3.09764e+09
7,0.0215299,3.11701e+09
8,0.0214141,3.13386e+09
9,0.0217158,3.09032e+09
10,0.0216218,3.10376e+09
11,0.0215755,3.11042e+09
12,0.0224737,2.98611e+09
13,0.0222664,3.01391e+09
14,0.021664,3.09771e+09
15,0.0224848,2.98463e+09
16,0.0221035,3.03612e+09
