iterationNumber,iterationDuration(s),cellsPerSecond
1,0.0043086,1.94695e+09
2,0.0031391,2.6723e+09
3,0.0030908,2.71406e+09
4,0.0031053,2.70138e+09
5,0.0030933,2.71186e+09
6,0.0031023,2.704e+09
7,0.0030981,2.70766e+09
8,0.0030993,2.70661e+09
9,0.0030906,2.71423e+09
10,0.0031025,2.70382e+09
11,0.0030889,2.71573e+09
12,0.0031004,2.70565e+09
13,0.0030877,2.71678e+09
14,0.0031014,2.70478e+09
15,0.0030872,2.71722e+09
16,0.0031036,2.70286e+09
