iterationNumber,iterationDuration(s),cellsPerSecond
1,0.0006352,1.28967e+07
2,0.0001237,6.62247e+07
3,6.5e-05,1.26031e+08
4,6.23e-05,1.31493e+08
5,6.18e-05,1.32557e+08
6,6.16e-05,1.32987e+08
7,6.57e-05,1.24688e+08
8,6.27e-05,1.30654e+08
9,6.86e-05,1.19417e+08
10,5.79e-05,1.41485e+08
11,5.85e-05,1.40034e+08
12,6.15e-05,1.33203e+08
13,6.21e-05,1.31916e+08
14,6.09e-05,1.34516e+08
15,5.71e-05,1.43468e+08
16,6.12e-05,1.33856e+08
