iterationNumber,iterationDuration(s),cellsPerSecond
1,0.0005937,1.37982e+07
2,6.57e-05,1.24688e+08
3,4.71e-05,1.73928e+08
4,5.16e-05,1.5876e+08
5,4.6e-05,1.78087e+08
6,4.57e-05,1.79256e+08
7,4.56e-05,1.79649e+08
8,4.59e-05,1.78475e+08
9,4.55e-05,1.80044e+08
10,6.67e-05,1.22819e+08
11,4.63e-05,1.76933e+08
12,4.49e-05,1.8245e+08
13,4.52e-05,1.81239e+08
14,4.45e-05,1.8409e+08
15,4.44e-05,1.84505e+08
16,4.43e-05,1.84921e+08
