iterationNumber,iterationDuration(s),cellsPerSecond
1,0.025577,2.6238e+09
2,0.0212941,3.15152e+09
3,0.0213149,3.14845e+09
4,0.0212839,3.15303e+09
5,0.0212984,3.15089e+09
6,0.0212848,3.1529e+09
7,0.02129,3.15213e+09
8,0.0212833,3.15312e+09
9,0.0213144,3.14852e+09
10,0.0212827,3.15321e+09
11,0.0214043,3.1353e+09
12,0.0212956,3.1513e+09
13,0.02128,3.15361e+09
14,0.021271,3.15495e+09
15,0.0214089,3.13462e+09
16,0.0213197,3.14774e+09
