iterationNumber,iterationDuration(s),cellsPerSecond
1,0.0041099,2.04107e+09
2,0.0030771,2.72614e+09
3,0.003076,2.72712e+09
4,0.0030659,2.7361e+09
5,0.0030639,2.73789e+09
6,0.0030635,2.73824e+09
7,0.0030733,2.72951e+09
8,0.0030621,2.7395e+09
9,0.003064,2.7378e+09
10,0.003102,2.70426e+09
11,0.0030718,2.73084e+09
12,0.0030641,2.73771e+09
13,0.0030814,2.72234e+09
14,0.0030718,2.73084e+09
15,0.0030725,2.73022e+09
16,0.0030693,2.73307e+09
