iterationNumber,iterationDuration(s),cellsPerSecond
1,0.0043134,1.94478e+09
2,0.002927,2.86594e+09
3,0.00288,2.91271e+09
4,0.0028482,2.94523e+09
5,0.0028538,2.93945e+09
6,0.0028459,2.94761e+09
7,0.0028577,2.93544e+09
8,0.0028466,2.94689e+09
9,0.0028505,2.94285e+09
10,0.0028579,2.93523e+09
11,0.0028444,2.94917e+09
12,0.0028466,2.94689e+09
13,0.0028486,2.94482e+09
14,0.0028507,2.94265e+09
15,0.002858,2.93513e+09
16,0.0028602,2.93287e+09
