iterationNumber,iterationDuration(s),cellsPerSecond
1,0.0006097,1.34361e+07
2,6.8e-05,1.20471e+08
3,5.74e-05,1.42718e+08
4,6.14e-05,1.3342e+08
5,5.74e-05,1.42718e+08
6,6e-05,1.36533e+08
7,5.83e-05,1.40515e+08
8,5.99e-05,1.36761e+08
9,6.42e-05,1.27601e+08
10,5.98e-05,1.3699e+08
11,6.03e-05,1.35854e+08
12,6.19e-05,1.32342e+08
13,5.69e-05,1.43972e+08
14,5.84e-05,1.40274e+08
15,5.72e-05,1.43217e+08
16,6e-05,1.36533e+08
