iterationNumber,iterationDuration(s),cellsPerSecond
1,0.0008197,3.19805e+08
2,0.0002534,1.03451e+09
3,0.0002548,1.02882e+09
4,0.0002757,9.50831e+08
5,0.0002521,1.03984e+09
6,0.0002609,1.00477e+09
7,0.0002203,1.18994e+09
8,0.0002121,1.23595e+09
9,0.0002043,1.28313e+09
10,0.0002059,1.27316e+09
11,0.0002024,1.29518e+09
12,0.0002101,1.24771e+09
13,0.0002047,1.28063e+09
14,0.0002047,1.28063e+09
15,0.0002063,1.27069e+09
16,0.0002164,1.21139e+09
