iterationNumber,iterationDuration(s),cellsPerSecond
1,0.0011066,9.47566e+08
2,0.0006088,1.72237e+09
3,0.0006052,1.73261e+09
4,0.0006,1.74763e+09
5,0.000595,1.76231e+09
6,0.0005969,1.7567e+09
7,0.0005916,1.77244e+09
8,0.000599,1.75054e+09
9,0.0006013,1.74385e+09
10,0.0006063,1.72947e+09
11,0.0006235,1.68176e+09
12,0.0007551,1.38866e+09
13,0.0006648,1.57728e+09
14,0.0005965,1.75788e+09
15,0.0006076,1.72577e+09
16,0.0005983,1.75259e+09
