iterationNumber,iterationDuration(s),cellsPerSecond
1,0.0011012,9.52212e+08
2,0.0005977,1.75435e+09
3,0.0005932,1.76766e+09
4,0.0006137,1.70861e+09
5,0.0005899,1.77755e+09
6,0.0006007,1.74559e+09
7,0.0005984,1.7523e+09
8,0.0005969,1.7567e+09
9,0.000605,1.73318e+09
10,0.0005992,1.74996e+09
11,0.0005978,1.75406e+09
12,0.0005957,1.76024e+09
13,0.0005909,1.77454e+09
14,0.0005946,1.7635e+09
15,0.0005868,1.78694e+09
16,0.0005981,1.75318e+09
