iterationNumber,iterationDuration(s),cellsPerSecond
1,0.00057,1.43719e+07
2,6.74e-05,1.21543e+08
3,6.22e-05,1.31704e+08
4,5.7e-05,1.43719e+08
5,5.7e-05,1.43719e+08
6,5.45e-05,1.50312e+08
7,5.59e-05,1.46547e+08
8,5.62e-05,1.45765e+08
9,6.95e-05,1.17871e+08
10,5.76e-05,1.42222e+08
11,5.49e-05,1.49217e+08
12,5.89e-05,1.39083e+08
13,5.48e-05,1.49489e+08
14,5.83e-05,1.40515e+08
15,5.79e-05,1.41485e+08
16,6e-05,1.36533e+08
