iterationNumber,iterationDuration(s),cellsPerSecond
1,0.0008276,3.16752e+08
2,0.0002279,1.15026e+09
3,0.0003153,8.31411e+08
4,0.0002131,1.23015e+09
5,0.0002122,1.23536e+09
6,0.0002077,1.26213e+09
7,0.0002173,1.20637e+09
8,0.0002026,1.2939e+09
9,0.0002062,1.27131e+09
10,0.0002063,1.27069e+09
11,0.000216,1.21363e+09
12,0.0002024,1.29518e+09
13,0.0002364,1.1089e+09
14,0.0003475,7.54371e+08
15,0.0003885,6.74759e+08
16,0.0002171,1.20748e+09
