iterationNumber,iterationDuration(s),cellsPerSecond
1,0.0043429,1.93157e+09
2,0.0031461,2.66635e+09
3,0.0031289,2.68101e+09
4,0.0031392,2.67221e+09
5,0.0030939,2.71134e+09
6,0.0031625,2.65252e+09
7,0.0031115,2.696e+09
8,0.0031242,2.68504e+09
9,0.0031674,2.64842e+09
10,0.0031195,2.68909e+09
11,0.0030994,2.70653e+09
12,0.0031309,2.6793e+09
13,0.0030902,2.71458e+09
14,0.0030959,2.70959e+09
15,0.0030813,2.72242e+09
16,0.0030937,2.71151e+09
