iterationNumber,iterationDuration(s),cellsPerSecond
1,0.0273355,2.45501e+09
2,0.0230516,2.91125e+09
3,0.0229854,2.91963e+09
4,0.023066,2.90943e+09
5,0.0230526,2.91112e+09
6,0.023302,2.87996e+09
7,0.0230086,2.91669e+09
8,0.0230143,2.91596e+09
9,0.0229169,2.92836e+09
10,0.0236915,2.83261e+09
11,0.0229303,2.92665e+09
12,0.0229047,2.92992e+09
13,0.0228571,2.93602e+09
14,0.0228397,2.93826e+09
15,0.0230078,2.91679e+09
16,0.0228414,2.93804e+09
