iterationNumber,iterationDuration(s),cellsPerSecond
1,0.0006385,1.28301e+07
2,0.0003148,2.60229e+07
3,6.86e-05,1.19417e+08
4,6.05e-05,1.35405e+08
5,5.81e-05,1.40998e+08
6,6.04e-05,1.35629e+08
7,5.86e-05,1.39795e+08
8,7.28e-05,1.12527e+08
9,5.94e-05,1.37912e+08
10,5.95e-05,1.37681e+08
11,5.92e-05,1.38378e+08
12,5.93e-05,1.38145e+08
13,5.59e-05,1.46547e+08
14,5.91e-05,1.38613e+08
15,6.9e-05,1.18725e+08
16,5.63e-05,1.45506e+08
