iterationNumber,iterationDuration(s),cellsPerSecond
1,0.0271794,2.46911e+09
2,0.0232022,2.89235e+09
3,0.023101,2.90502e+09
4,0.0230758,2.90819e+09
5,0.0230924,2.9061e+09
6,0.0231443,2.89958e+09
7,0.0233761,2.87083e+09
8,0.0234451,2.86238e+09
9,0.0232232,2.88973e+09
10,0.0231003,2.90511e+09
11,0.0231116,2.90369e+09
12,0.0228119,2.94184e+09
13,0.0228247,2.94019e+09
14,0.0228154,2.94138e+09
15,0.0229055,2.92981e+09
16,0.0233254,2.87707e+09
