iterationNumber,iterationDuration(s),cellsPerSecond
1,0.0007648,3.42762e+08
2,0.0002189,1.19755e+09
3,0.0002114,1.24004e+09
4,0.0002071,1.26578e+09
5,0.0002064,1.27008e+09
6,0.0002075,1.26334e+09
7,0.000208,1.26031e+09
8,0.0002069,1.26701e+09
9,0.0002066,1.26885e+09
10,0.0002062,1.27131e+09
11,0.0002065,1.26946e+09
12,0.0002078,1.26152e+09
13,0.0002058,1.27378e+09
14,0.000207,1.2664e+09
15,0.0002088,1.25548e+09
16,0.0002062,1.27131e+09
