iterationNumber,iterationDuration(s),cellsPerSecond
1,0.0006155,1.33095e+07
2,5.38e-05,1.52268e+08
3,4.84e-05,1.69256e+08
4,5.58e-05,1.4681e+08
5,4.59e-05,1.78475e+08
6,4.6e-05,1.78087e+08
7,4.92e-05,1.66504e+08
8,4.58e-05,1.78865e+08
9,5.34e-05,1.53408e+08
10,4.54e-05,1.80441e+08
11,4.48e-05,1.82857e+08
12,5.33e-05,1.53696e+08
13,4.39e-05,1.86606e+08
14,4.46e-05,1.83677e+08
15,4.48e-05,1.82857e+08
16,4.57e-05,1.79256e+08
