iterationNumber,iterationDuration(s),cellsPerSecond
1,0.0042844,1.95794e+09
2,0.0031331,2.67741e+09
3,0.0031355,2.67537e+09
4,0.0031635,2.65169e+09
5,0.0030797,2.72384e+09
6,0.0030818,2.72198e+09
7,0.0031392,2.67221e+09
8,0.0031106,2.69678e+09
9,0.0030906,2.71423e+09
10,0.0030766,2.72658e+09
11,0.0030851,2.71907e+09
12,0.0030863,2.71801e+09
13,0.0030761,2.72703e+09
14,0.0031298,2.68024e+09
15,0.0030723,2.7304e+09
16,0.0030812,2.72251e+09
