iterationNumber,iterationDuration(s),cellsPerSecond
1,0.657251,1.63369e+09
2,0.361618,2.96927e+09
3,0.363593,2.95314e+09
4,0.362084,2.96545e+09
5,0.361117,2.97339e+09
6,0.362449,2.96247e+09
7,0.361995,2.96618e+09
8,0.361128,2.9733e+09
9,0.360695,2.97687e+09
10,0.360744,2.97646e+09
11,0.360688,2.97693e+09
12,0.360498,2.97849e+09
13,0.360621,2.97748e+09
14,0.360841,2.97567e+09
15,0.360505,2.97844e+09
16,0.360614,2.97753e+09
