iterationNumber,iterationDuration(s),cellsPerSecond
1,0.539851,1.98896e+09
2,0.348414,3.0818e+09
3,0.337866,3.17801e+09
4,0.34279,3.13236e+09
5,0.337536,3.18112e+09
6,0.341585,3.14341e+09
7,0.344274,3.11886e+09
8,0.339717,3.1607e+09
9,0.343328,3.12745e+09
10,0.33957,3.16207e+09
11,0.3395,3.16272e+09
12,0.342453,3.13545e+09
13,0.343789,3.12325e+09
14,0.357115,3.00671e+09
15,0.344501,3.1168e+09
16,0.341506,3.14413e+09
