iterationNumber,iterationDuration(s),cellsPerSecond
1,0.0011662,8.99139e+08
2,0.0006583,1.59285e+09
3,0.0006427,1.63152e+09
4,0.0006458,1.62369e+09
5,0.000597,1.75641e+09
6,0.0006032,1.73836e+09
7,0.0005988,1.75113e+09
8,0.0005965,1.75788e+09
9,0.0006048,1.73376e+09
10,0.0006152,1.70445e+09
11,0.0005928,1.76885e+09
12,0.0005933,1.76736e+09
13,0.0005903,1.77634e+09
14,0.0005908,1.77484e+09
15,0.0005964,1.75818e+09
16,0.0005906,1.77544e+09
