iterationNumber,iterationDuration(s),cellsPerSecond
1,0.000829,3.16217e+08
2,0.0002169,1.20859e+09
3,0.0002157,1.21532e+09
4,0.0002058,1.27378e+09
5,0.0002137,1.22669e+09
6,0.0002119,1.23711e+09
7,0.0002151,1.21871e+09
8,0.0002298,1.14075e+09
9,0.0002239,1.17081e+09
10,0.0002013,1.30226e+09
11,0.0003065,8.55282e+08
12,0.0004582,5.72117e+08
13,0.0002196,1.19373e+09
14,0.000224,1.17029e+09
15,0.0002158,1.21475e+09
16,0.000207,1.2664e+09
