iterationNumber,iterationDuration(s),cellsPerSecond
1,0.0006632,1.23522e+07
2,6.85e-05,1.19591e+08
3,6.1e-05,1.34295e+08
4,6.11e-05,1.34075e+08
5,5.58e-05,1.4681e+08
6,7.78e-05,1.05296e+08
7,6.09e-05,1.34516e+08
8,5.9e-05,1.38847e+08
9,5.99e-05,1.36761e+08
10,5.9e-05,1.38847e+08
11,5.84e-05,1.40274e+08
12,6.08e-05,1.34737e+08
13,6.71e-05,1.22086e+08
14,5.92e-05,1.38378e+08
15,5.86e-05,1.39795e+08
16,5.87e-05,1.39557e+08
