iterationNumber,iterationDuration(s),cellsPerSecond
1,0.0012519,8.37588e+08
2,0.0008408,1.24712e+09
3,0.0006869,1.52653e+09
4,0.0006544,1.60235e+09
5,0.0006671,1.57184e+09
6,0.000671,1.56271e+09
7,0.0007393,1.41834e+09
8,0.0006129,1.71084e+09
9,0.0006126,1.71168e+09
10,0.0006049,1.73347e+09
11,0.0006682,1.56925e+09
12,0.0007148,1.46695e+09
13,0.0006607,1.58707e+09
14,0.0006828,1.5357e+09
15,0.0006058,1.73089e+09
16,0.0006118,1.71392e+09
