iterationNumber,iterationDuration(s),cellsPerSecond
1,0.681694,1.57511e+09
2,0.365103,2.94092e+09
3,0.364685,2.9443e+09
4,0.364821,2.94321e+09
5,0.364545,2.94543e+09
6,0.364909,2.94249e+09
7,0.364998,2.94178e+09
8,0.364844,2.94302e+09
9,0.365056,2.94131e+09
10,0.364817,2.94323e+09
11,0.364989,2.94185e+09
12,0.364611,2.9449e+09
13,0.365132,2.94069e+09
14,0.365213,2.94004e+09
15,0.365154,2.94051e+09
16,0.365492,2.9378e+09
