iterationNumber,iterationDuration(s),cellsPerSecond
1,0.0007911,3.31366e+08
2,0.0002137,1.22669e+09
3,0.0002125,1.23362e+09
4,0.0002105,1.24534e+09
5,0.0002121,1.23595e+09
6,0.0002112,1.24121e+09
7,0.0002043,1.28313e+09
8,0.0002112,1.24121e+09
9,0.0002017,1.29967e+09
10,0.0002029,1.29199e+09
11,0.0002087,1.25608e+09
12,0.0002095,1.25128e+09
13,0.0002029,1.29199e+09
14,0.0002127,1.23246e+09
15,0.000204,1.28502e+09
16,0.0002175,1.20526e+09
