iterationNumber,iterationDuration(s),cellsPerSecond
1,0.0271987,2.46736e+09
2,0.0243283,2.75847e+09
3,0.023272,2.88367e+09
4,0.0233854,2.86969e+09
5,0.0229375,2.92573e+09
6,0.023029,2.9141e+09
7,0.0229518,2.9239e+09
8,0.0228658,2.9349e+09
9,0.0228399,2.93823e+09
10,0.0228682,2.93459e+09
11,0.0227797,2.94599e+09
12,0.022705,2.95569e+09
13,0.0226996,2.95639e+09
14,0.0226951,2.95698e+09
15,0.02269,2.95764e+09
16,0.0227862,2.94515e+09
