iterationNumber,iterationDuration(s),cellsPerSecond
1,0.0275867,2.43265e+09
2,0.0229962,2.91826e+09
3,0.0230083,2.91672e+09
4,0.0230208,2.91514e+09
5,0.0230181,2.91548e+09
6,0.0228421,2.93795e+09
7,0.023001,2.91765e+09
8,0.022951,2.92401e+09
9,0.0228864,2.93226e+09
10,0.0228761,2.93358e+09
11,0.0228336,2.93904e+09
12,0.0228377,2.93851e+09
13,0.0228996,2.93057e+09
14,0.0230201,2.91523e+09
15,0.0230125,2.91619e+09
16,0.0228593,2.93574e+09
