iterationNumber,iterationDuration(s),cellsPerSecond
1,0.0043112,1.94577e+09
2,0.0029224,2.87045e+09
3,0.0029186,2.87419e+09
4,0.0028552,2.93801e+09
5,0.0028712,2.92164e+09
6,0.0029976,2.79844e+09
7,0.0029027,2.88993e+09
8,0.0028522,2.9411e+09
9,0.0028497,2.94368e+09
10,0.002847,2.94647e+09
11,0.0028443,2.94927e+09
12,0.0029768,2.818e+09
13,0.0028389,2.95488e+09
14,0.0028437,2.94989e+09
15,0.0028556,2.9376e+09
16,0.0028413,2.95238e+09
