iterationNumber,iterationDuration(s),cellsPerSecond
1,0.0010854,9.66073e+08
2,0.000545,1.92399e+09
3,0.0005599,1.87279e+09
4,0.00056,1.87246e+09
5,0.0006002,1.74704e+09
6,0.0005836,1.79674e+09
7,0.0006074,1.72634e+09
8,0.0005671,1.84901e+09
9,0.0006116,1.71448e+09
10,0.0005659,1.85294e+09
11,0.0005551,1.88899e+09
12,0.0006133,1.70973e+09
13,0.0005927,1.76915e+09
14,0.0005881,1.78299e+09
15,0.0005535,1.89445e+09
16,0.0005367,1.95375e+09
