iterationNumber,iterationDuration(s),cellsPerSecond
1,0.384373,2.79349e+09
2,0.337039,3.18581e+09
3,0.340865,3.15005e+09
4,0.344861,3.11355e+09
5,0.337204,3.18425e+09
6,0.33757,3.18079e+09
7,0.338608,3.17104e+09
8,0.337535,3.18113e+09
9,0.339974,3.15831e+09
10,0.339502,3.1627e+09
11,0.337348,3.18289e+09
12,0.339466,3.16303e+09
13,0.338059,3.1762e+09
14,0.33933,3.1643e+09
15,0.338765,3.16958e+09
16,0.339496,3.16276e+09
