iterationNumber,iterationDuration(s),cellsPerSecond
1,0.0007287,1.12419e+07
2,7.97e-05,1.02785e+08
3,6.56e-05,1.24878e+08
4,7.18e-05,1.14095e+08
5,6.47e-05,1.26615e+08
6,6.3e-05,1.30032e+08
7,6.36e-05,1.28805e+08
8,5.88e-05,1.3932e+08
9,6e-05,1.36533e+08
10,5.88e-05,1.3932e+08
11,6.42e-05,1.27601e+08
12,6.01e-05,1.36306e+08
13,6e-05,1.36533e+08
14,6.32e-05,1.2962e+08
15,7.62e-05,1.07507e+08
16,5.89e-05,1.39083e+08
