iterationNumber,iterationDuration(s),cellsPerSecond
1,0.581153,1.84761e+09
2,0.360068,2.98205e+09
3,0.360952,2.97475e+09
4,0.360408,2.97924e+09
5,0.360071,2.98203e+09
6,0.361116,2.9734e+09
7,0.360624,2.97746e+09
8,0.360585,2.97778e+09
9,0.360844,2.97564e+09
10,0.360796,2.97603e+09
11,0.360887,2.97528e+09
12,0.360705,2.97678e+09
13,0.360385,2.97943e+09
14,0.360598,2.97767e+09
15,0.360768,2.97627e+09
16,0.36063,2.97741e+09
