iterationNumber,iterationDuration(s),cellsPerSecond
1,0.0273603,2.45278e+09
2,0.023131,2.90125e+09
3,0.02313,2.90138e+09
4,0.0231363,2.90059e+09
5,0.0231589,2.89776e+09
6,0.0231658,2.89689e+09
7,0.0231495,2.89893e+09
8,0.0233788,2.8705e+09
9,0.0233123,2.87869e+09
10,0.0229916,2.91884e+09
11,0.0229746,2.921e+09
12,0.0230365,2.91315e+09
13,0.0230695,2.90899e+09
14,0.0230419,2.91247e+09
15,0.0230303,2.91394e+09
16,0.0229712,2.92143e+09
