iterationNumber,iterationDuration(s),cellsPerSecond
1,0.001056,9.9297e+08
2,0.0006283,1.66891e+09
3,0.0006024,1.74066e+09
4,0.0006083,1.72378e+09
5,0.0005987,1.75142e+09
6,0.0006172,1.69892e+09
7,0.0006337,1.65469e+09
8,0.0006493,1.61493e+09
9,0.0006511,1.61047e+09
10,0.0006484,1.61717e+09
11,0.0007104,1.47604e+09
12,0.0006109,1.71644e+09
13,0.0006051,1.7329e+09
14,0.0006138,1.70833e+09
15,0.0006047,1.73404e+09
16,0.0005983,1.75259e+09
