iterationNumber,iterationDuration(s),cellsPerSecond
1,0.0011336,9.24996e+08
2,0.0005522,1.89891e+09
3,0.0005405,1.94001e+09
4,0.0005428,1.93179e+09
5,0.0005811,1.80447e+09
6,0.0006248,1.67826e+09
7,0.0006187,1.69481e+09
8,0.0005923,1.77035e+09
9,0.000592,1.77124e+09
10,0.0005779,1.81446e+09
11,0.0005457,1.92152e+09
12,0.0005375,1.95084e+09
13,0.0005402,1.94109e+09
14,0.0005787,1.81195e+09
15,0.0005407,1.93929e+09
16,0.000539,1.94541e+09
