iterationNumber,iterationDuration(s),cellsPerSecond
1,0.691767,1.55217e+09
2,0.364076,2.94922e+09
3,0.362328,2.96345e+09
4,0.362473,2.96227e+09
5,0.359961,2.98294e+09
6,0.361123,2.97334e+09
7,0.36398,2.95e+09
8,0.362618,2.96108e+09
9,0.361664,2.9689e+09
10,0.371496,2.89032e+09
11,0.361238,2.97239e+09
12,0.364183,2.94835e+09
13,0.361746,2.96822e+09
14,0.360037,2.98231e+09
15,0.359057,2.99045e+09
16,0.360897,2.97521e+09
