iterationNumber,iterationDuration(s),cellsPerSecond
1,0.662442,1.62088e+09
2,0.36234,2.96335e+09
3,0.366158,2.93245e+09
4,0.362193,2.96456e+09
5,0.360643,2.9773e+09
6,0.36208,2.96548e+09
7,0.381174,2.81694e+09
8,0.362699,2.96042e+09
9,0.365988,2.93381e+09
10,0.360989,2.97445e+09
11,0.361658,2.96894e+09
12,0.363107,2.95709e+09
13,0.361897,2.96698e+09
14,0.36447,2.94603e+09
15,0.367793,2.91942e+09
16,0.372379,2.88347e+09
