iterationNumber,iterationDuration(s),cellsPerSecond
1,0.0007405,3.54009e+08
2,0.0001848,1.41853e+09
3,0.0001984,1.32129e+09
4,0.0002322,1.12896e+09
5,0.0002238,1.17133e+09
6,0.0001801,1.45555e+09
7,0.000175,1.49797e+09
8,0.0001761,1.48861e+09
9,0.0001826,1.43562e+09
10,0.0001859,1.41013e+09
11,0.0002187,1.19865e+09
12,0.0002051,1.27813e+09
13,0.000252,1.04025e+09
14,0.0002424,1.08145e+09
15,0.0001861,1.40862e+09
16,0.0002022,1.29646e+09
