iterationNumber,iterationDuration(s),cellsPerSecond
1,0.004316,1.94361e+09
2,0.0031221,2.68685e+09
3,0.0031335,2.67707e+09
4,0.0031315,2.67878e+09
5,0.0031554,2.65849e+09
6,0.0031194,2.68917e+09
7,0.0031063,2.70051e+09
8,0.0031168,2.69142e+09
9,0.003132,2.67836e+09
10,0.0031646,2.65076e+09
11,0.0031565,2.65757e+09
12,0.0031271,2.68255e+09
13,0.0031073,2.69965e+09
14,0.0031131,2.69462e+09
15,0.0031842,2.63445e+09
16,0.0031218,2.68711e+09
