iterationNumber,iterationDuration(s),cellsPerSecond
1,0.0011771,8.90813e+08
2,0.0006879,1.52431e+09
3,0.0006777,1.54726e+09
4,0.0006546,1.60186e+09
5,0.0006428,1.63126e+09
6,0.0006077,1.72548e+09
7,0.0005979,1.75376e+09
8,0.0005978,1.75406e+09
9,0.0005985,1.75201e+09
10,0.0005987,1.75142e+09
11,0.0005969,1.7567e+09
12,0.0005997,1.7485e+09
13,0.0005943,1.76439e+09
14,0.000597,1.75641e+09
15,0.000598,1.75347e+09
16,0.0006017,1.74269e+09
