iterationNumber,iterationDuration(s),cellsPerSecond
1,0.644936,1.66488e+09
2,0.36219,2.96458e+09
3,0.361867,2.96723e+09
4,0.362962,2.95828e+09
5,0.3615,2.97024e+09
6,0.361821,2.9676e+09
7,0.361507,2.97018e+09
8,0.362818,2.95945e+09
9,0.36111,2.97345e+09
10,0.360848,2.97561e+09
11,0.363068,2.95741e+09
12,0.361093,2.97359e+09
13,0.361335,2.9716e+09
14,0.360908,2.97511e+09
15,0.362313,2.96357e+09
16,0.360875,2.97538e+09
